pitch_type,game_date,release_speed,pitcher,events,description,zone,p_throws,home_team,away_team,type,hit_location,bb_type,balls,strikes,inning,hit_distance_sc,launch_speed,launch_angle,effective_speed,release_spin_rate,release_extension,launch_speed_angle
CU,9/29/19,77.1,458708,field_out,hit_into_play,2,R,NYM,ATL,X,5,popup,2,1,10,null,80,69,75.831,2839,5.363,3
SL,9/29/19,77.5,572888,field_out,hit_into_play,2,R,NYM,ATL,X,7,fly_ball,0,0,8,261,97.2,53.9,74.887,2419,4.547,3
SL,9/29/19,82.1,647336,strikeout,swinging_strike,14,R,NYM,ATL,S,2,null,1,2,5,null,null,null,79.35,2804,4.984,null
SL,9/29/19,84,647336,strikeout,called_strike,7,R,NYM,ATL,S,2,null,2,2,2,null,null,null,80.796,2914,4.5,null
FT,9/29/19,95.1,647336,single,hit_into_play_no_out,7,R,NYM,ATL,X,9,line_drive,1,1,1,268,87.4,20.2,93.633,2255,5.615,4
FT,9/28/19,96.6,608331,grounded_into_double_play,hit_into_play,14,L,NYM,ATL,X,6,ground_ball,0,1,6,21,80.1,-4.4,97.837,2077,6.907,2
FT,9/28/19,92.8,592314,home_run,hit_into_play_score,6,R,NYM,ATL,X,null,fly_ball,2,1,3,415,106.1,32.6,93.243,2129,6.324,6
SL,9/28/19,81.9,592314,strikeout,swinging_strike,14,R,NYM,ATL,S,2,null,3,2,1,null,null,null,80.752,2447,5.588,null
SL,9/27/19,84.6,461872,strikeout,swinging_strike,9,R,NYM,ATL,S,2,null,1,2,6,null,null,null,84.419,2421,5.984,null
CH,9/27/19,79.7,572971,field_out,hit_into_play,14,L,NYM,ATL,X,4,popup,1,1,4,190,68.6,48.3,79.734,1624,6.265,3
FC,9/27/19,87,572971,home_run,hit_into_play_score,1,L,NYM,ATL,X,null,line_drive,0,1,1,361,96.8,24.2,86.945,2154,6.171,5
SL,9/26/19,84.5,656257,strikeout,swinging_strike,12,R,NYM,MIA,S,2,null,0,2,7,null,null,null,82.665,2902,5.279,null
FF,9/26/19,93.4,657141,strikeout,called_strike,7,R,NYM,MIA,S,2,null,3,2,6,null,null,null,92.351,2318,5.765,null
CU,9/26/19,78,657141,strikeout,swinging_strike,14,R,NYM,MIA,S,2,null,3,2,3,null,null,null,76.947,2785,6.106,null
FF,9/26/19,92.6,657141,strikeout,called_strike,4,R,NYM,MIA,S,2,null,1,2,1,null,null,null,91.826,2159,5.984,null
FF,9/25/19,89.1,605479,field_out,hit_into_play,9,L,NYM,MIA,X,9,fly_ball,0,0,6,230,92.8,58,89.294,2652,6.242,3
CH,9/25/19,85.4,612672,field_out,hit_into_play,14,L,NYM,MIA,X,1,ground_ball,1,2,4,15,70.9,-4.1,85.783,1550,6.269,2
FT,9/25/19,89.1,667498,home_run,hit_into_play_score,4,R,NYM,MIA,X,null,fly_ball,0,0,2,437,104.7,31.8,88.327,2050,5.911,6
CU,9/25/19,72.1,667498,strikeout,swinging_strike,14,R,NYM,MIA,S,2,null,0,2,1,null,null,null,69.919,2348,4.7,null
CU,9/24/19,71.5,572383,strikeout,swinging_strike,14,L,NYM,MIA,S,2,null,2,2,10,null,null,null,71.901,2271,6.894,null
SL,9/24/19,85.7,606424,strikeout,swinging_strike,1,L,NYM,MIA,S,2,null,3,2,8,null,null,null,85.185,2320,5.897,null
SI,9/24/19,96.2,645261,field_out,hit_into_play,11,R,NYM,MIA,X,5,popup,0,1,6,null,80,69,93.807,2558,5.815,3
SI,9/24/19,95.5,645261,field_out,hit_into_play,8,R,NYM,MIA,X,9,fly_ball,0,2,4,366,98.4,24.4,94.268,2650,5.845,5
SI,9/24/19,95.4,645261,field_out,hit_into_play,7,R,NYM,MIA,X,6,ground_ball,1,0,1,7,79.1,-16.2,94.015,2570,5.799,2
FS,9/23/19,89.2,592773,strikeout,swinging_strike,14,R,NYM,MIA,S,2,null,2,2,9,null,null,null,88.832,1044,5.83,null
SL,9/23/19,89.8,641755,strikeout,swinging_strike,14,R,NYM,MIA,S,2,null,2,2,7,null,null,null,87.722,2503,4.855,null
SL,9/23/19,86.1,592761,field_out,hit_into_play,4,L,NYM,MIA,X,4,popup,3,2,5,null,80,69,84.881,2252,5.293,3
SL,9/23/19,86.6,592761,single,hit_into_play_no_out,7,L,NYM,MIA,X,7,line_drive,2,1,3,254,106.1,15.6,85.61,2335,5.192,5
SL,9/23/19,86.1,592761,strikeout,swinging_strike_blocked,13,L,NYM,MIA,S,2,null,2,2,1,null,null,null,84.841,2503,5.188,null
FS,9/22/19,83.5,621199,field_out,hit_into_play,2,R,CIN,NYM,X,5,line_drive,2,2,8,124,67.4,12.7,83.249,991,5.898,2
SL,9/22/19,80.1,545333,strikeout,swinging_strike_blocked,14,R,CIN,NYM,S,2,null,1,2,6,null,null,null,78.916,3119,5.612,null
FF,9/22/19,94.8,545333,strikeout,swinging_strike,12,R,CIN,NYM,S,2,null,1,2,3,null,null,null,94.89,2874,6.282,null
FF,9/22/19,92.6,545333,double,hit_into_play_no_out,8,R,CIN,NYM,X,7,ground_ball,0,0,1,37,110.4,-0.9,92.839,2753,6.419,4
SL,9/21/19,87.6,669270,field_out,hit_into_play,14,R,CIN,NYM,X,6,ground_ball,1,2,8,33,101.8,-0.2,88.107,null,6.513,4
KC,9/21/19,85.4,543101,strikeout,swinging_strike_blocked,14,R,CIN,NYM,S,2,null,2,2,5,null,null,null,84.37,2490,5.629,null
SL,9/21/19,87.9,543101,field_out,hit_into_play,9,R,CIN,NYM,X,8,fly_ball,0,1,4,345,89.9,25.2,87.797,2285,5.834,3
FT,9/21/19,94.9,543101,field_out,hit_into_play,7,R,CIN,NYM,X,5,ground_ball,0,0,1,5,101.7,-20.9,95.076,2213,6.302,2
FT,9/20/19,96.2,607219,home_run,hit_into_play_score,9,R,CIN,NYM,X,null,fly_ball,2,2,8,437,108.2,28.2,95.396,2228,5.922,6
SL,9/20/19,88.8,622491,strikeout,swinging_strike,14,R,CIN,NYM,S,2,null,0,2,6,null,null,null,87.234,2297,5.496,null
CH,9/20/19,88.2,622491,field_out,hit_into_play,7,R,CIN,NYM,X,5,ground_ball,1,2,4,54,103.9,1.1,87.37,2098,5.694,4
FT,9/20/19,99.7,622491,field_out,hit_into_play,7,R,CIN,NYM,X,6,ground_ball,0,0,1,11,99.7,-8.7,97.342,2177,5.201,2
SI,9/18/19,92.2,622786,single,hit_into_play_no_out,8,R,COL,NYM,X,7,line_drive,0,1,8,267,106.9,11.5,92.426,2155,5.597,5
CU,9/18/19,75.6,656546,home_run,hit_into_play_score,2,R,COL,NYM,X,null,fly_ball,1,2,6,448,106.1,30.6,75.563,2533,5.671,6
CU,9/18/19,75.2,656546,field_out,hit_into_play,5,R,COL,NYM,X,3,ground_ball,3,2,1,5,73.9,-27.6,74.962,2578,6.108,2
SL,9/17/19,85.8,641149,single,hit_into_play_score,4,R,COL,NYM,X,3,popup,0,2,8,179,57.9,40.5,85.808,2449,5.855,1
FF,9/17/19,89.6,543532,home_run,hit_into_play_score,5,R,COL,NYM,X,null,fly_ball,3,0,6,467,110.2,32.8,90.35,1850,6.226,6
FF,9/17/19,89.8,543532,field_out,hit_into_play,6,R,COL,NYM,X,5,ground_ball,0,0,4,7,86.2,-18.6,91.274,1898,6.643,2
FF,9/17/19,91,543532,grounded_into_double_play,hit_into_play,9,R,COL,NYM,X,6,ground_ball,3,1,1,7,104.1,-15.9,93.235,2045,6.954,2
FF,9/16/19,99.5,608032,strikeout,swinging_strike,11,R,COL,NYM,S,2,null,1,2,8,null,null,null,99.889,2138,5.846,null
FF,9/16/19,92.2,622608,double,hit_into_play_no_out,12,R,COL,NYM,X,9,line_drive,0,1,6,279,110.2,11.4,92.956,2039,6.214,5
FF,9/16/19,92.2,622608,single,hit_into_play_no_out,2,R,COL,NYM,X,8,ground_ball,0,1,4,36,107.2,-2.7,93.863,2091,6.383,4
CU,9/16/19,79.3,622608,strikeout,swinging_strike_blocked,14,R,COL,NYM,S,2,null,1,2,2,null,null,null,78.654,2316,5.635,null
FC,9/15/19,94.5,445276,strikeout,swinging_strike,12,R,NYM,LAD,S,2,null,0,2,8,null,null,null,95.595,2555,6.815,null
FF,9/15/19,95.9,520980,field_out,hit_into_play,11,R,NYM,LAD,X,9,fly_ball,1,1,6,302,85.7,32.5,95.433,2333,6.157,3
KC,9/15/19,80.2,621111,field_out,hit_into_play,4,R,NYM,LAD,X,8,fly_ball,0,1,3,354,98.2,36.2,79.094,2831,5.833,5
KC,9/15/19,82.9,621111,force_out,hit_into_play,5,R,NYM,LAD,X,5,ground_ball,0,2,1,2,75.9,-43.4,79.697,3048,4.477,2
FT,9/14/19,91.2,547943,strikeout,called_strike,11,L,NYM,LAD,S,2,null,2,2,7,null,null,null,91.61,1950,6.374,null
FC,9/14/19,89,547943,field_out,hit_into_play,11,L,NYM,LAD,X,3,popup,0,1,4,64,64.6,80.5,89.648,2054,6.374,3
CH,9/14/19,81.2,547943,field_out,hit_into_play,14,L,NYM,LAD,X,6,ground_ball,3,2,2,58,85.1,2.6,82.466,1420,6.938,2
CU,9/12/19,83.1,542882,field_out,hit_into_play,11,R,NYM,ARI,X,1,ground_ball,1,2,8,2,67.2,-59.8,80.256,2688,4.707,2
SL,9/12/19,78.9,642073,strikeout,swinging_strike,3,R,NYM,ARI,S,2,null,3,2,6,null,null,null,77.732,2519,5.605,null
SL,9/12/19,86.7,661255,strikeout,swinging_strike,2,R,NYM,ARI,S,2,null,1,2,4,null,null,null,86.345,2399,6.154,null
CH,9/12/19,82.9,622065,strikeout,swinging_strike_blocked,14,L,NYM,ARI,S,2,null,0,2,1,null,null,null,81.747,1727,5.631,null
FS,9/11/19,83.4,673633,force_out,hit_into_play,5,R,NYM,ARI,X,5,ground_ball,0,1,6,null,82.9,-20.7,82.511,1361,5.577,2
FF,9/11/19,95.3,664199,field_out,hit_into_play,4,R,NYM,ARI,X,3,popup,3,1,2,null,80,69,94.929,2388,5.967,3
FF,9/11/19,91.3,592662,strikeout,swinging_strike,11,L,NYM,ARI,S,2,null,1,2,1,null,null,null,91.054,2079,6.138,null
CU,9/10/19,77.1,592233,field_out,hit_into_play,6,R,NYM,ARI,X,1,ground_ball,3,2,8,3,58.1,-44.5,76.096,2560,5.762,1
FF,9/10/19,91.5,668678,strikeout,swinging_strike,12,R,NYM,ARI,S,2,null,1,2,5,null,null,null,92.356,2333,6.611,null
CH,9/10/19,86.5,668678,strikeout,swinging_strike,13,R,NYM,ARI,S,2,null,1,2,3,null,null,null,86.92,1660,6.68,null
FT,9/10/19,93.8,668678,strikeout,called_strike,13,R,NYM,ARI,S,2,null,0,2,1,null,null,null,94.7,2261,6.64,null
SI,9/9/19,92.1,592233,strikeout,swinging_strike,5,R,NYM,ARI,S,2,null,2,2,7,null,null,null,91.455,1888,5.875,null
SI,9/9/19,92.5,518876,home_run,hit_into_play_score,7,R,NYM,ARI,X,null,line_drive,1,1,5,375,109.5,24.1,92.501,2230,6.552,6
SI,9/9/19,93.8,518876,field_out,hit_into_play,7,R,NYM,ARI,X,3,ground_ball,0,0,3,29,87.4,-2,94.184,2291,6.486,2
CU,9/9/19,83.3,518876,home_run,hit_into_play_score,8,R,NYM,ARI,X,null,fly_ball,0,1,1,389,101.2,29.4,83.128,2488,6.317,6
FS,9/8/19,89.2,593576,strikeout,foul_tip,6,R,NYM,PHI,S,2,null,1,2,9,null,null,null,88.54,1702,5.597,null
FS,9/8/19,79.6,453284,field_out,hit_into_play,1,R,NYM,PHI,X,2,popup,2,1,7,9,55.1,89.3,80.457,760,6.553,1
CH,9/8/19,85.3,501625,single,hit_into_play_no_out,9,L,NYM,PHI,X,8,line_drive,0,1,6,224,89.1,14,85.265,2020,6.289,4
FF,9/8/19,93.6,592826,force_out,hit_into_play,4,R,NYM,PHI,X,6,ground_ball,0,0,4,64,79.6,3.2,94.391,2436,6.647,2
KC,9/8/19,81.1,592826,strikeout,called_strike,4,R,NYM,PHI,S,2,null,2,2,1,null,null,null,81.36,2479,6.282,null
FF,9/7/19,92,592767,field_out,hit_into_play,7,L,NYM,PHI,X,8,line_drive,1,1,7,359,97.1,21.4,91.065,2007,5.764,4
FC,9/7/19,85.8,592767,field_out,hit_into_play,7,L,NYM,PHI,X,7,line_drive,0,1,5,293,103.2,16.7,84.891,2080,5.596,5
CU,9/7/19,77,592767,single,hit_into_play_no_out,8,L,NYM,PHI,X,5,ground_ball,1,0,3,42,79.5,1.1,76.978,1960,5.862,2
CU,9/7/19,78.4,592767,double,hit_into_play_no_out,3,L,NYM,PHI,X,7,line_drive,3,2,1,358,108.6,21.1,77.685,1602,5.658,6
FT,9/6/19,94.7,593576,single,hit_into_play_score,7,R,NYM,PHI,X,7,ground_ball,0,0,8,31,89.5,-1.1,93.853,2524,6.151,2
SI,9/6/19,91,453172,strikeout,swinging_strike,13,R,NYM,PHI,S,2,null,0,2,6,null,null,null,90.767,1927,6.614,null
CH,9/6/19,87.6,621107,strikeout_double_play,swinging_strike,13,R,NYM,PHI,S,2,null,3,2,3,null,null,null,87.69,1817,6.814,null
FT,9/6/19,93.9,621107,strikeout,swinging_strike,13,R,NYM,PHI,S,2,null,3,2,1,null,null,null,93.285,2177,6.088,null
FT,9/4/19,95.4,407845,field_out,hit_into_play,4,R,WSH,NYM,X,6,ground_ball,3,1,8,13,97.5,-10.2,95.214,2069,5.948,2
FF,9/4/19,96.6,519326,field_out,hit_into_play,13,R,WSH,NYM,X,3,popup,0,1,6,null,80,69,95.02,2180,5.543,3
FS,9/4/19,86.5,434671,home_run,hit_into_play_score,7,R,WSH,NYM,X,null,fly_ball,0,0,5,408,106.3,32.3,86.391,1899,5.982,6
FC,9/4/19,88.5,434671,field_out,hit_into_play,2,R,WSH,NYM,X,9,fly_ball,0,0,3,245,94.3,56.2,88.76,2215,5.874,3
SL,9/4/19,84.8,434671,field_out,hit_into_play,5,R,WSH,NYM,X,8,fly_ball,1,1,1,366,105.3,41.3,84.601,2471,5.836,5
FF,9/3/19,95.6,543339,home_run,hit_into_play_score,12,R,WSH,NYM,X,null,fly_ball,0,2,9,427,110.9,19.2,95.506,2360,6.176,6
CH,9/3/19,86.9,606273,single,hit_into_play_no_out,13,L,WSH,NYM,X,7,line_drive,2,2,8,272,110.8,14.5,86.042,2120,5.752,6
SL,9/3/19,85.6,453286,field_out,hit_into_play,9,R,WSH,NYM,X,7,fly_ball,1,0,5,299,84.2,30,85.213,2557,5.861,3
SL,9/3/19,87,453286,single,hit_into_play_no_out,14,R,WSH,NYM,X,9,line_drive,0,0,4,204,83.6,14.6,87.271,2619,6.065,4
FF,9/3/19,95.1,453286,strikeout,swinging_strike,4,R,WSH,NYM,S,2,null,2,2,1,null,null,null,95.148,2419,6.133,null
FC,9/2/19,89.5,607200,strikeout,swinging_strike,9,R,WSH,NYM,S,2,null,2,2,8,null,null,null,90.167,2102,6.365,null
CU,9/2/19,80.1,608723,field_out,hit_into_play,14,R,WSH,NYM,X,9,line_drive,2,1,6,332,100.1,16.4,78.715,2790,5.322,4
FF,9/2/19,94.3,605452,single,hit_into_play_no_out,11,R,WSH,NYM,X,8,line_drive,1,0,4,198,75.8,18.3,94.254,2116,6.13,4
SI,9/2/19,92.4,605452,field_out,hit_into_play,4,R,WSH,NYM,X,4,popup,0,1,3,null,80,69,93.083,2041,6.481,3
CU,9/2/19,83.3,605452,strikeout,swinging_strike_blocked,14,R,WSH,NYM,S,2,null,2,2,1,null,null,null,83.113,2171,6.038,null
FT,9/1/19,94.8,621107,field_out,hit_into_play,2,R,PHI,NYM,X,7,fly_ball,2,2,6,357,93.8,32.8,95.243,2118,6.655,3
CH,9/1/19,85.6,621107,single,hit_into_play_no_out,7,R,PHI,NYM,X,8,ground_ball,1,1,4,13,89.9,-6.8,86.533,1778,6.6,2
FT,9/1/19,94.1,621107,home_run,hit_into_play_score,13,R,PHI,NYM,X,null,fly_ball,0,0,1,390,96.5,25.2,96.586,2160,7.424,5
SI,8/31/19,91.3,453172,field_out,hit_into_play,5,R,PHI,NYM,X,9,line_drive,0,0,8,282,80,23.8,91.127,1999,6.023,4
FF,8/31/19,92,453284,field_out,hit_into_play,5,R,PHI,NYM,X,1,popup,2,2,6,null,80,69,93.58,2203,7.199,3
CH,8/31/19,78.8,450306,field_out,hit_into_play,14,L,PHI,NYM,X,6,line_drive,0,0,4,150,106.6,8.2,77.761,2298,5.921,4
KC,8/31/19,70.1,450306,field_out,hit_into_play,9,L,PHI,NYM,X,9,fly_ball,0,1,2,347,96,31.2,68.884,2497,5.177,5
SL,8/30/19,86.7,658305,single,hit_into_play_no_out,6,R,PHI,NYM,X,7,ground_ball,1,1,9,43,103.9,0.3,85.842,2424,5.878,4
FT,8/30/19,91.5,573046,single,hit_into_play_no_out,11,R,PHI,NYM,X,7,line_drive,3,0,8,null,90.4,14.6,92.363,2158,6.694,4
CH,8/30/19,86.6,605400,single,hit_into_play_no_out,1,R,PHI,NYM,X,7,line_drive,3,0,6,217,68.3,24.4,87.12,1736,6.579,4
FF,8/30/19,91.8,605400,field_out,hit_into_play,5,R,PHI,NYM,X,9,fly_ball,2,1,3,296,82.4,30.4,92.907,2120,6.887,3
CH,8/30/19,88.1,605400,strikeout,swinging_strike,14,R,PHI,NYM,S,2,null,0,2,1,null,null,null,88.606,1780,6.662,null
CU,8/29/19,73.9,452657,field_out,hit_into_play,9,L,NYM,CHC,X,1,ground_ball,1,0,5,6,75.4,-18,72.638,2501,5.495,2
FF,8/29/19,89.1,452657,strikeout,swinging_strike,11,L,NYM,CHC,S,2,null,0,2,3,null,null,null,89.141,2225,6.457,null
KC,8/28/19,76.9,592858,field_out,hit_into_play,5,R,NYM,CHC,X,8,fly_ball,3,2,8,338,93.6,38.1,75.907,2509,5.981,3
SI,8/28/19,90.6,518553,field_out,hit_into_play,5,R,NYM,CHC,X,3,popup,3,2,7,165,83.5,76.3,92.751,2394,7.752,3
SI,8/28/19,85.6,543294,field_out,hit_into_play,1,R,NYM,CHC,X,5,popup,0,1,5,null,80,69,84.711,1941,5.634,3
SI,8/28/19,86.6,543294,field_out,hit_into_play,11,R,NYM,CHC,X,5,ground_ball,2,2,3,30,45,0.6,85.553,1964,5.688,1
FC,8/27/19,85.2,506433,field_out,hit_into_play,14,R,NYM,CHC,X,5,ground_ball,3,1,8,14,80.5,-4.9,85.071,2584,5.956,2
FC,8/27/19,82.1,506433,field_out,hit_into_play,7,R,NYM,CHC,X,8,fly_ball,0,2,6,307,84.4,30.2,81.519,2556,5.796,3
FF,8/27/19,91.6,506433,home_run,hit_into_play_score,3,R,NYM,CHC,X,null,fly_ball,0,0,4,407,106.5,30.4,92.446,2700,6.536,6
CU,8/27/19,74,506433,field_out,hit_into_play,14,R,NYM,CHC,X,6,ground_ball,1,1,1,7,67.8,-15.2,72.759,2469,5.474,2
FF,8/25/19,92.4,453343,double,hit_into_play_no_out,4,R,NYM,ATL,X,7,fly_ball,1,1,9,308,83.8,29.8,92.052,2385,6.144,3
FT,8/25/19,87.5,572971,strikeout,called_strike,4,L,NYM,ATL,S,2,null,1,2,6,null,null,null,86.849,1914,6.051,null
CH,8/25/19,80.3,572971,strikeout,swinging_strike,14,L,NYM,ATL,S,2,null,3,2,4,null,null,null,80.072,1605,6.372,null
FC,8/25/19,85.6,572971,grounded_into_double_play,hit_into_play,4,L,NYM,ATL,X,5,ground_ball,1,1,1,53,86.3,1.4,85.328,2146,5.934,2
SL,8/24/19,85,455119,field_out,hit_into_play,14,R,NYM,ATL,X,5,ground_ball,0,1,8,7,73.4,-11.3,84.934,2347,6.136,2
FF,8/24/19,94.2,608331,home_run,hit_into_play_score,5,L,NYM,ATL,X,null,fly_ball,1,0,5,451,112,20,95.075,1998,6.441,6
FF,8/24/19,94.8,608331,field_out,hit_into_play,12,L,NYM,ATL,X,9,fly_ball,2,1,3,338,95,27.1,95.96,2072,6.559,5
SL,8/24/19,84.7,608331,strikeout,called_strike,1,L,NYM,ATL,S,2,null,3,2,1,null,null,null,83.334,2702,5.5,null
FF,8/23/19,97,592426,strikeout,swinging_strike,11,R,NYM,ATL,S,2,null,2,2,13,null,null,null,97.403,2350,6.65,null
CU,8/23/19,81.9,656794,strikeout,swinging_strike,13,L,NYM,ATL,S,2,null,1,2,11,null,null,null,78.543,2978,4.938,null
SL,8/23/19,85.1,455119,single,hit_into_play_no_out,13,R,NYM,ATL,X,7,ground_ball,2,2,9,12,113,-6.2,84.743,1056,5.982,4
CU,8/23/19,76.9,592314,field_out,hit_into_play,14,R,NYM,ATL,X,5,line_drive,1,2,6,137,78.1,11.3,76.439,2296,6.204,4
FT,8/23/19,94,592314,field_out,hit_into_play,7,R,NYM,ATL,X,3,ground_ball,0,1,4,13,81.2,-7.1,93.642,2092,6.334,2
FT,8/23/19,95.8,592314,strikeout,called_strike,12,R,NYM,ATL,S,2,null,2,2,1,null,null,null,96.082,2092,6.381,null
FC,8/22/19,89.2,650644,field_out,hit_into_play,12,R,NYM,CLE,X,6,popup,3,0,6,null,80,69,88.306,2585,5.586,3
SL,8/22/19,84,650644,field_out,hit_into_play,14,R,NYM,CLE,X,8,fly_ball,1,1,4,336,92.2,34.4,82.233,2811,5.231,3
SL,8/21/19,79.2,424144,strikeout,swinging_strike_blocked,13,L,NYM,CLE,S,2,null,0,2,8,null,null,null,77.898,2393,5.503,null
SL,8/21/19,87.6,592644,strikeout,swinging_strike,14,R,NYM,CLE,S,2,null,1,2,6,null,null,null,86.659,2540,5.736,null
FF,8/21/19,90.6,592644,field_out,hit_into_play,2,R,NYM,CLE,X,2,popup,1,1,4,15,91,85.3,90.079,2322,5.856,3
FF,8/21/19,91.3,592644,strikeout,swinging_strike,3,R,NYM,CLE,S,2,null,2,2,1,null,null,null,90.113,2320,5.656,null
FF,8/20/19,94.2,621056,double,hit_into_play_score,14,R,NYM,CLE,X,8,line_drive,0,2,7,340,98.6,18.3,94.222,2546,6.229,4
FF,8/20/19,93.2,669456,strikeout,called_strike,14,R,NYM,CLE,S,2,null,2,2,6,null,null,null,93.726,2315,6.551,null
SL,8/20/19,85.5,669456,force_out,hit_into_play,8,R,NYM,CLE,X,5,ground_ball,1,0,3,88,101.5,4.7,85.425,2417,6.173,4
FF,8/20/19,93,669456,field_out,hit_into_play,13,R,NYM,CLE,X,6,popup,0,0,1,null,80,69,93.282,2252,6.438,3
FF,8/18/19,93.4,606930,home_run,hit_into_play_score,11,R,KC,NYM,X,null,fly_ball,0,2,9,418,110.7,27.5,94.717,2381,6.733,6
FF,8/18/19,93.9,663992,double,hit_into_play_score,6,L,KC,NYM,X,9,line_drive,3,2,7,330,94.5,40.9,96.389,2345,7.174,3
FF,8/18/19,90.8,642098,single,hit_into_play_no_out,4,R,KC,NYM,X,8,ground_ball,2,0,6,20,91.9,-3.9,91.345,2203,6.317,2
FF,8/18/19,92.1,642098,field_out,hit_into_play,4,R,KC,NYM,X,6,ground_ball,1,0,3,20,98.8,-5.7,92.749,2065,6.452,2
FF,8/17/19,88,641838,double,hit_into_play_no_out,8,R,KC,NYM,X,7,ground_ball,1,2,9,102,111,4.6,89.207,2195,6.587,4
SI,8/17/19,90.7,657612,single,hit_into_play_score,4,L,KC,NYM,X,4,ground_ball,3,2,7,24,75.4,-3.8,91.827,2047,6.96,2
FF,8/17/19,91.6,596001,field_out,hit_into_play,8,R,KC,NYM,X,5,ground_ball,2,1,5,4,89.3,-30.9,92.025,1787,6.194,2
SL,8/17/19,82.7,596001,strikeout,called_strike,8,R,KC,NYM,S,2,null,1,2,4,null,null,null,80.754,2599,4.656,null
SL,8/17/19,82.8,596001,single,hit_into_play_no_out,8,R,KC,NYM,X,8,line_drive,2,2,1,194,111.9,9.2,81.346,2595,5.096,5
FF,8/16/19,95.2,605130,field_out,hit_into_play,14,R,KC,NYM,X,9,fly_ball,0,0,8,316,89.6,30.1,97.141,2231,6.896,3
CH,8/16/19,84.3,543557,fielders_choice,hit_into_play_no_out,6,L,KC,NYM,X,6,ground_ball,0,0,3,9,92.5,-15.1,84.21,1783,6.164,2
CH,8/16/19,85.5,543557,field_out,hit_into_play,14,L,KC,NYM,X,5,ground_ball,1,1,1,null,82.9,-20.7,86.263,1805,6.676,2
SL,8/15/19,86.8,592426,single,hit_into_play_no_out,9,R,ATL,NYM,X,8,ground_ball,3,2,9,11,103.6,-10.6,86.753,2736,6.031,2
FF,8/15/19,92.5,461872,single,hit_into_play_score,5,R,ATL,NYM,X,7,line_drive,0,0,7,286,96.9,15.1,92.293,2045,5.888,4
FF,8/15/19,90,458708,single,hit_into_play_score,1,R,ATL,NYM,X,8,ground_ball,2,2,5,119,86,8,89.305,2264,5.799,4
FC,8/15/19,87.6,458708,single,hit_into_play_no_out,2,R,ATL,NYM,X,7,ground_ball,2,1,4,121,111.5,6.3,85.881,2645,4.981,4
FF,8/15/19,90,527054,home_run,hit_into_play_score,8,R,ATL,NYM,X,null,fly_ball,0,1,1,451,110.6,23,89.575,2408,5.889,6
FC,8/14/19,91.5,453343,fielders_choice,hit_into_play_no_out,7,R,ATL,NYM,X,4,ground_ball,2,1,9,16,103.4,-6.7,90.935,2394,5.87,2
CH,8/14/19,86.8,455119,field_out,hit_into_play,4,R,ATL,NYM,X,8,fly_ball,2,2,7,285,83.9,39.9,86.711,1298,5.858,3
FC,8/14/19,86.4,572971,field_out,hit_into_play,8,L,ATL,NYM,X,4,line_drive,3,1,4,174,81.3,13,86.011,1990,5.766,4
SL,8/14/19,79.9,572971,field_out,hit_into_play,8,L,ATL,NYM,X,8,fly_ball,2,1,1,212,94.8,59.1,78.928,2354,5.27,3
KC,8/13/19,82.7,453343,strikeout,swinging_strike_blocked,14,R,ATL,NYM,S,2,null,2,2,9,null,null,null,81.712,2610,5.801,null
SL,8/13/19,81.6,572888,single,hit_into_play_no_out,14,R,ATL,NYM,X,8,line_drive,0,2,8,284,98.3,14,79.424,2737,4.783,4
SL,8/13/19,84.9,608331,field_out,hit_into_play,13,L,ATL,NYM,X,1,ground_ball,0,0,5,3,49.6,-38.8,83.967,2463,5.558,1
SL,8/13/19,81,608331,field_out,hit_into_play,9,L,ATL,NYM,X,7,line_drive,1,1,3,314,91.5,21.9,80.228,2620,5.532,3
SI,8/11/19,90.7,434671,single,hit_into_play_no_out,4,R,NYM,WSH,X,8,ground_ball,2,0,5,128,69.1,10.6,91.659,2250,6.526,2
FF,8/11/19,88.1,434671,field_out,hit_into_play,1,R,NYM,WSH,X,3,popup,3,2,3,null,80,69,87.689,2271,6.041,3
SI,8/11/19,89,434671,field_out,hit_into_play,11,R,NYM,WSH,X,7,fly_ball,0,1,2,287,84.4,44,88.484,2128,5.893,3
FT,8/10/19,92.4,571578,strikeout,called_strike,4,L,NYM,WSH,S,2,null,0,2,6,null,null,null,91.979,2205,6.582,null
FT,8/10/19,94,571578,strikeout,called_strike,3,L,NYM,WSH,S,2,null,2,2,4,null,null,null,94.227,2169,6.652,null
SL,8/10/19,84.4,571578,strikeout,swinging_strike_blocked,13,L,NYM,WSH,S,2,null,0,2,1,null,null,null,82.471,2448,5.986,null
FF,8/9/19,97.2,543339,field_out,hit_into_play,6,R,NYM,WSH,X,6,ground_ball,1,2,8,6,87,-21.8,96.469,2430,6.166,2
FT,8/9/19,94.2,544931,field_out,hit_into_play,4,R,NYM,WSH,X,4,line_drive,1,0,6,153,64.6,16.7,95.357,2085,6.95,2
CH,8/9/19,87.2,544931,home_run,hit_into_play_score,14,R,NYM,WSH,X,null,fly_ball,1,0,4,426,110.3,20.5,87.775,1700,6.702,6
FT,8/9/19,94.5,544931,field_out,hit_into_play,13,R,NYM,WSH,X,6,ground_ball,1,0,2,65,75.2,3.8,95.579,2221,6.817,2
FF,8/7/19,93.1,641755,field_out,hit_into_play,8,R,NYM,MIA,X,1,ground_ball,1,1,7,1,46.6,-62.4,90.851,2238,4.92,1
FC,8/7/19,86.8,657141,field_out,hit_into_play,6,R,NYM,MIA,X,9,fly_ball,1,1,6,301,91.8,42.3,86.883,2570,6.106,3
FF,8/7/19,93.5,657141,strikeout,swinging_strike,6,R,NYM,MIA,S,2,null,1,2,3,null,null,null,94.208,2291,6.548,null
CH,8/7/19,80.5,657141,home_run,hit_into_play_score,5,R,NYM,MIA,X,null,line_drive,2,0,1,374,103.8,39.5,80.974,1799,6.28,5
FF,8/6/19,94,650671,strikeout,swinging_strike,11,L,NYM,MIA,S,2,null,1,2,7,null,null,null,94.433,2467,6.439,null
CH,8/6/19,87.1,456051,home_run,hit_into_play_score,8,R,NYM,MIA,X,null,line_drive,1,1,5,367,107.8,22,86.739,2113,6.092,6
CH,8/6/19,86.5,456051,strikeout,called_strike,7,R,NYM,MIA,S,2,null,1,2,3,null,null,null,85.88,1773,5.98,null
FF,8/5/19,95,656257,home_run,hit_into_play_score,5,R,NYM,MIA,X,null,fly_ball,3,2,7,353,104.3,24.8,94.829,2290,6.157,6
FF,8/5/19,93.6,612672,strikeout,swinging_strike,5,L,NYM,MIA,S,2,null,0,2,7,null,null,null,93.754,2183,5.984,null
FF,8/5/19,97,656257,single,hit_into_play_no_out,6,R,NYM,MIA,X,7,line_drive,0,0,6,216,110.2,10.8,95.427,2453,5.427,5
SL,8/5/19,78.4,667498,single,hit_into_play_score,9,R,NYM,MIA,X,8,ground_ball,0,0,5,122,105.9,6,77.434,2399,5.586,4
CH,8/5/19,88.3,645261,field_out,hit_into_play,3,R,NYM,MIA,X,8,fly_ball,0,1,3,343,93.7,33.3,87.919,2155,6.03,3
SL,8/5/19,80,667498,strikeout,called_strike,9,R,NYM,MIA,S,2,null,1,2,3,null,null,null,79.214,2676,5.318,null
FF,8/5/19,90.8,667498,strikeout,swinging_strike,2,R,NYM,MIA,S,2,null,0,2,1,null,null,null,88.622,2315,4.986,null
FF,8/3/19,93.9,608717,strikeout,swinging_strike,3,R,PIT,NYM,S,2,null,2,2,9,null,null,null,94.694,2636,6.539,null
SL,8/3/19,82,593140,strikeout,swinging_strike,14,R,PIT,NYM,S,2,null,0,2,7,null,null,null,81.909,null,5.988,null
FF,8/3/19,94.9,502042,grounded_into_double_play,hit_into_play,11,R,PIT,NYM,X,5,ground_ball,0,2,5,18,81.6,-10.1,95.022,2301,6.239,2
SL,8/3/19,90.7,502042,double,hit_into_play_no_out,5,R,PIT,NYM,X,7,ground_ball,2,2,3,37,110.9,-0.9,90.286,2715,5.493,4
SL,8/3/19,89.5,502042,strikeout,swinging_strike,14,R,PIT,NYM,S,2,null,1,2,1,null,null,null,88.525,2661,5.446,null
FF,8/2/19,98.5,553878,strikeout,called_strike,4,L,PIT,NYM,S,2,null,0,2,9,null,null,null,98.452,2514,6.256,null
FF,8/2/19,94.5,593144,single,hit_into_play_no_out,7,R,PIT,NYM,X,8,ground_ball,2,2,7,102,98.3,3.2,94.87,2363,6.442,4
FF,8/2/19,90.6,592866,strikeout,called_strike,7,R,PIT,NYM,S,2,null,2,2,5,null,null,null,91.84,2220,6.743,null
SL,8/2/19,85.5,592866,double,hit_into_play_score,9,R,PIT,NYM,X,8,line_drive,0,0,1,272,107.7,13.1,85.719,2072,6.201,5
FC,8/1/19,91.4,592612,force_out,hit_into_play,7,L,CWS,NYM,X,6,ground_ball,1,0,8,5,73.7,-21.4,91.321,2114,6.027,2
SL,8/1/19,83.4,656302,fielders_choice_out,hit_into_play,5,R,CWS,NYM,X,5,ground_ball,0,0,6,84,79.1,6.5,82.786,2455,5.628,2
FF,8/1/19,97.9,656302,strikeout,swinging_strike,11,R,CWS,NYM,S,2,null,3,2,4,null,null,null,97.608,2524,5.905,null
FF,8/1/19,97.4,656302,strikeout,swinging_strike,2,R,CWS,NYM,S,2,null,3,2,1,null,null,null,96.893,2625,5.934,null
SI,7/31/19,96.8,622772,force_out,hit_into_play,13,R,CWS,NYM,X,6,ground_ball,2,0,9,120,79.4,9.6,98.876,2099,7.221,4
SL,7/31/19,84.2,608337,strikeout,swinging_strike,9,R,CWS,NYM,S,2,null,3,2,6,null,null,null,85.26,1917,6.782,null
CH,7/31/19,81.9,608337,strikeout,swinging_strike,7,R,CWS,NYM,S,2,null,1,2,3,null,null,null,83.303,1641,7.08,null
FF,7/31/19,93.9,608337,field_out,hit_into_play,5,R,CWS,NYM,X,9,fly_ball,0,1,1,210,90.7,59.3,94.682,2369,6.662,3
SL,7/30/19,81.8,592612,strikeout,swinging_strike,14,L,CWS,NYM,S,2,null,3,2,11,null,null,null,81.261,2416,5.737,null
SI,7/30/19,96.1,607481,single,hit_into_play_no_out,6,L,CWS,NYM,X,7,line_drive,0,0,9,140,92.3,9.8,96.141,2081,5.796,4
CH,7/30/19,88.4,605359,field_out,hit_into_play,8,R,CWS,NYM,X,6,ground_ball,3,2,7,6,106,-14.1,87.796,1632,5.636,2
FF,7/30/19,97,625643,single,hit_into_play_no_out,6,R,CWS,NYM,X,9,line_drive,0,2,5,160,95.2,8.6,96.903,2124,6.049,4
FF,7/30/19,96,625643,strikeout,swinging_strike,6,R,CWS,NYM,S,2,null,2,2,3,null,null,null,95.918,2185,5.956,null
FT,7/28/19,93.5,434538,force_out,hit_into_play_score,12,L,NYM,PIT,X,6,ground_ball,0,0,6,119,80.6,9.7,93.408,1985,6.078,4
SL,7/28/19,88,502042,strikeout,swinging_strike_blocked,13,R,NYM,PIT,S,2,null,1,2,4,null,null,null,87.499,2579,5.546,null
FF,7/28/19,94.1,502042,field_out,hit_into_play,2,R,NYM,PIT,X,8,fly_ball,3,0,2,230,97.8,59,93.878,2310,5.992,3
SL,7/27/19,83.9,605195,strikeout,swinging_strike,14,R,NYM,PIT,S,2,null,1,2,8,null,null,null,82.971,3362,5.781,null
FF,7/27/19,91.1,592866,field_out,hit_into_play,4,R,NYM,PIT,X,2,popup,2,1,6,101,76.7,77.6,91.711,2281,6.568,3
SL,7/27/19,83.4,592866,strikeout,swinging_strike,14,R,NYM,PIT,S,2,null,1,2,4,null,null,null,83.576,2171,6.412,null
FF,7/27/19,92.2,592866,field_out,hit_into_play,1,R,NYM,PIT,X,5,popup,1,2,1,null,80,69,92.88,2148,6.526,3
FF,7/26/19,92.4,608717,field_out,hit_into_play,4,R,NYM,PIT,X,9,fly_ball,0,1,8,324,93.3,41.5,93.071,2580,6.549,3
SL,7/26/19,81.5,642607,home_run,hit_into_play_score,6,R,NYM,PIT,X,null,fly_ball,0,1,6,416,106.3,30.5,79.818,2147,5.042,6
SI,7/26/19,92.9,642607,field_out,hit_into_play,3,R,NYM,PIT,X,6,ground_ball,2,2,3,10,86.8,-18.6,92.049,2205,5.795,2
SI,7/26/19,92.3,642607,field_out,hit_into_play,4,R,NYM,PIT,X,4,ground_ball,2,2,1,117,77.6,9,91.08,2345,5.739,2
CU,7/25/19,77.4,663531,force_out,hit_into_play,8,L,NYM,SD,X,5,ground_ball,0,0,6,4,77.2,-30,76.938,2459,5.994,2
SL,7/25/19,86.4,606131,field_out,hit_into_play,14,R,NYM,SD,X,8,fly_ball,0,1,4,307,85.8,38.4,84.863,2281,5.391,3
CU,7/25/19,77.2,641778,single,hit_into_play_no_out,14,L,NYM,SD,X,8,ground_ball,0,2,1,48,91.6,2.5,76.438,2432,5.628,2
FF,7/24/19,93,621381,strikeout,called_strike,7,L,NYM,SD,S,2,null,3,2,6,null,null,null,92.329,2407,5.962,null
FT,7/24/19,95.7,659275,strikeout,called_strike,4,R,NYM,SD,S,2,null,1,2,3,null,null,null,95.285,2284,5.973,null
CU,7/23/19,79.1,663978,field_out,hit_into_play,14,R,NYM,SD,X,5,ground_ball,0,0,3,2,71.8,-31.1,77.922,2223,5.352,2
KC,7/21/19,82.2,453343,force_out,hit_into_play,14,R,SF,NYM,X,6,ground_ball,1,2,11,2,104.9,-26.7,80.88,2779,5.53,2
FF,7/21/19,91,669214,strikeout,swinging_strike,3,L,SF,NYM,S,2,null,1,2,3,null,null,null,91.79,2465,6.57,null
FF,7/21/19,91.7,669214,double_play,hit_into_play,4,L,SF,NYM,X,8,fly_ball,1,2,1,272,78.8,37.9,91.75,2387,6.409,3
SI,7/20/19,93.4,502706,home_run,hit_into_play_score,2,L,SF,NYM,X,null,fly_ball,0,1,6,444,113,26.1,92.637,2459,5.998,6
SL,7/19/19,82.1,519293,strikeout,swinging_strike,13,L,SF,NYM,S,2,null,3,2,9,null,null,null,81.916,2081,6.01,null
FF,7/19/19,94.3,595881,strikeout,swinging_strike,11,R,SF,NYM,S,2,null,1,2,6,null,null,null,94.913,2469,6.393,null
FF,7/19/19,95.3,595881,field_out,hit_into_play,8,R,SF,NYM,X,4,ground_ball,1,1,4,68,114.8,2.4,95.203,2415,6.156,4
FF,7/19/19,94.1,595881,strikeout,swinging_strike,11,R,SF,NYM,S,2,null,0,2,1,null,null,null,93.643,2425,5.882,null
CH,7/18/19,86.2,605301,home_run,hit_into_play_score,8,L,SF,NYM,X,null,fly_ball,0,2,16,427,107.2,31.8,85.476,952,5.668,6
FF,7/18/19,95.2,641627,field_out,hit_into_play,1,R,SF,NYM,X,8,fly_ball,3,2,13,329,89,29.8,95.051,2133,6.045,3
SL,7/18/19,84.6,606625,field_out,hit_into_play,9,R,SF,NYM,X,6,ground_ball,1,1,11,44,84.2,1.5,83.864,2587,5.612,2
FF,7/18/19,89.4,518516,force_out,hit_into_play,4,L,SF,NYM,X,5,ground_ball,1,1,9,18,101,-7.6,89.656,2365,6.383,2
CU,7/18/19,78.1,518516,field_out,hit_into_play,8,L,SF,NYM,X,8,fly_ball,2,1,6,350,100.1,38.2,76.905,2569,5.958,5
FC,7/18/19,85.9,518516,field_out,hit_into_play,5,L,SF,NYM,X,6,line_drive,3,2,4,170,103.1,10.4,85.733,2499,5.932,4
CU,7/18/19,77.3,518516,grounded_into_double_play,hit_into_play_score,14,L,SF,NYM,X,6,ground_ball,0,2,1,42,108.6,1.2,75.978,2738,5.36,4
CU,7/17/19,59.3,501303,field_out,hit_into_play,6,R,MIN,NYM,X,5,ground_ball,1,0,9,91,92.4,5.6,56.418,1560,4.423,4
SL,7/17/19,86.6,543483,home_run,hit_into_play_score,7,R,MIN,NYM,X,null,fly_ball,2,1,8,474,110.9,29.5,87.713,2277,6.671,6
CH,7/17/19,89.4,543507,strikeout,swinging_strike,8,R,MIN,NYM,S,2,null,2,2,7,null,null,null,91.763,1750,7.391,null
CH,7/17/19,84.7,527048,field_out,hit_into_play,9,L,MIN,NYM,X,6,ground_ball,1,1,5,9,99,-12.4,84.955,1505,6.029,2
CH,7/17/19,86.4,527048,strikeout,swinging_strike,14,L,MIN,NYM,S,2,null,0,2,1,null,null,null,86.756,1835,6.353,null
SL,7/16/19,84.9,501381,field_out,hit_into_play,8,R,MIN,NYM,X,5,ground_ball,2,2,5,50,112.2,0,84.442,2004,6.336,4
SL,7/16/19,84.4,501381,grounded_into_double_play,hit_into_play,9,R,MIN,NYM,X,4,ground_ball,1,0,3,8,70.7,-14,84.336,2079,6.298,2
SL,7/16/19,85.5,501381,strikeout,swinging_strike_blocked,14,R,MIN,NYM,S,2,null,1,2,1,null,null,null,85.206,1921,6.781,null
CU,7/14/19,73.3,612672,sac_fly,hit_into_play_score,7,L,MIA,NYM,X,8,fly_ball,0,1,8,394,98.2,27.6,72.388,2256,5.736,6
CH,7/14/19,90.8,645261,strikeout,swinging_strike,13,R,MIA,NYM,S,2,null,0,2,6,null,null,null,90.105,1992,5.931,null
CH,7/14/19,90.5,645261,strikeout,swinging_strike,14,R,MIA,NYM,S,2,null,0,2,4,null,null,null,89.376,1859,5.924,null
FF,7/14/19,96.9,645261,field_out,hit_into_play,3,R,MIA,NYM,X,7,fly_ball,0,2,1,359,108.7,45.3,95.12,2491,5.671,6
FF,7/13/19,95.3,650671,strikeout,swinging_strike,5,L,MIA,NYM,S,2,null,1,2,9,null,null,null,95.152,2486,6.167,null
FF,7/13/19,95.9,623433,field_out,hit_into_play,1,R,MIA,NYM,X,8,fly_ball,0,1,8,322,85.6,36.2,93.922,2435,5.349,3
FT,7/13/19,93.4,668678,strikeout,called_strike,6,R,MIA,NYM,S,2,null,1,2,5,null,null,null,92.774,2378,6.098,null
FF,7/13/19,91.2,668678,single,hit_into_play_no_out,11,R,MIA,NYM,X,8,line_drive,0,1,3,230,71.4,24.5,90.292,2316,5.815,4
FF,7/12/19,92,622694,strikeout,swinging_strike,11,R,MIA,NYM,S,2,null,0,2,8,null,null,null,91.901,2171,6.073,null
FF,7/12/19,92.8,592761,strikeout,called_strike,11,L,MIA,NYM,S,2,null,3,2,5,null,null,null,90.286,2440,5.126,null
SL,7/12/19,81.2,592761,strikeout,swinging_strike,8,L,MIA,NYM,S,2,null,1,2,1,null,null,null,78.76,2291,4.712,null
FF,7/7/19,92.4,488984,field_out,hit_into_play,11,R,NYM,PHI,X,1,line_drive,1,1,8,91,53.6,12.5,93.222,2517,6.659,1
KC,7/7/19,76.9,605400,home_run,hit_into_play_score,8,R,NYM,PHI,X,null,fly_ball,0,2,6,396,100.9,26.2,77.256,2693,6.406,6
CH,7/7/19,85.1,605400,strikeout,swinging_strike,13,R,NYM,PHI,S,2,null,3,2,3,null,null,null,85.52,1505,6.545,null
KC,7/7/19,79.8,605400,field_out,hit_into_play,9,R,NYM,PHI,X,1,ground_ball,2,2,1,2,51.4,-49.9,78.86,2521,6.165,1
SL,7/6/19,85.3,670456,field_out,hit_into_play,9,R,NYM,PHI,X,5,ground_ball,1,1,8,3,76.6,-30,83.837,2567,5.585,2
FF,7/6/19,92.7,624133,field_out,hit_into_play,4,L,NYM,PHI,X,5,ground_ball,3,2,6,16,89.1,-7.8,92.155,1927,6.092,2
CH,7/6/19,86.6,453562,field_out,hit_into_play,13,R,NYM,PHI,X,3,popup,1,0,4,null,80,69,85.377,1870,5.849,3
SI,7/6/19,93.4,453562,single,hit_into_play_no_out,4,R,NYM,PHI,X,7,ground_ball,3,2,2,28,88.1,-4.1,92.774,2175,6.005,2
FC,7/5/19,90.7,488984,field_out,hit_into_play,14,R,NYM,PHI,X,9,fly_ball,1,1,8,232,70.3,32.2,90.687,2636,5.932,4
SL,7/5/19,84.7,592826,double,hit_into_play_score,6,R,NYM,PHI,X,9,line_drive,1,2,5,277,109.4,13.4,84.494,2312,6.2,5
FF,7/5/19,93.9,592826,home_run,hit_into_play_score,5,R,NYM,PHI,X,null,fly_ball,1,2,4,392,109.6,40.2,94.579,2357,6.594,6
SL,7/5/19,86.6,592826,field_out,hit_into_play,14,R,NYM,PHI,X,4,line_drive,2,1,1,162,80.7,12.4,86.403,2531,6.109,4
SL,7/3/19,88.4,643338,single,hit_into_play_no_out,14,R,NYM,NYY,X,4,ground_ball,2,1,8,8,76.7,-14.5,88.234,null,5.996,2
CU,7/3/19,82.5,593334,strikeout,swinging_strike_blocked,14,R,NYM,NYY,S,2,null,0,2,6,null,null,null,81.109,2571,5.247,null
FT,7/3/19,94.9,593334,double,hit_into_play_no_out,1,R,NYM,NYY,X,7,line_drive,1,0,3,279,104.9,15.5,94.837,2422,6.139,5
CH,7/3/19,88,593334,field_out,hit_into_play,2,R,NYM,NYY,X,7,fly_ball,3,1,1,355,90.6,34.1,87.716,2296,5.932,3
KC,7/2/19,82.4,572020,strikeout,swinging_strike,14,L,NYM,NYY,S,2,null,1,2,5,null,null,null,82.683,1896,6.532,null
KC,7/2/19,81.8,572020,field_out,hit_into_play,6,L,NYM,NYY,X,9,fly_ball,2,1,1,205,88.2,56.8,81.539,2074,5.98,3
FC,6/30/19,94.1,621345,double,hit_into_play_score,4,L,NYM,ATL,X,7,ground_ball,1,2,8,90,90.1,5.4,93.449,2535,5.862,4
SL,6/30/19,86.3,656977,field_out,hit_into_play,9,R,NYM,ATL,X,4,popup,1,2,7,210,76.3,49.7,85.04,2906,5.461,3
SL,6/30/19,83.9,608331,strikeout,swinging_strike_blocked,13,L,NYM,ATL,S,2,null,2,2,5,null,null,null,82.233,2575,5.65,null
SL,6/30/19,87.8,608331,field_out,hit_into_play,11,L,NYM,ATL,X,5,ground_ball,0,2,1,95,72.1,9.4,86.046,2447,5.781,2
FS,6/29/19,86.9,657053,strikeout,swinging_strike,13,R,NYM,ATL,S,2,null,3,2,6,null,null,null,87.981,1429,6.605,null
SL,6/28/19,84.9,461872,field_out,hit_into_play,9,R,NYM,ATL,X,7,line_drive,2,1,7,310,92.3,22.1,84.703,2471,5.74,3
FT,6/28/19,92.7,647336,single,hit_into_play_no_out,8,R,NYM,ATL,X,7,ground_ball,1,2,6,44,108,0.2,92.231,2285,5.959,4
CH,6/28/19,81.6,647336,home_run,hit_into_play_score,7,R,NYM,ATL,X,null,fly_ball,2,1,4,363,96.6,40.6,80.93,2161,5.904,3
FT,6/28/19,94.7,647336,field_out,hit_into_play,7,R,NYM,ATL,X,4,ground_ball,3,2,1,16,78.5,-5.9,93.345,2181,5.382,2
FS,6/27/19,87.8,593576,field_out,hit_into_play,4,R,PHI,NYM,X,5,ground_ball,3,2,9,7,71.3,-19.8,87.239,1358,5.776,2
CH,6/27/19,85.6,605400,force_out,hit_into_play,11,R,PHI,NYM,X,4,ground_ball,3,1,6,84,52.2,12.7,86.553,1613,6.636,1
KC,6/27/19,78.5,605400,field_out,hit_into_play,1,R,PHI,NYM,X,9,fly_ball,2,2,3,253,84.5,50.2,77.076,2603,5.773,3
KC,6/27/19,80.3,605400,strikeout,called_strike,4,R,PHI,NYM,S,2,null,1,2,1,null,null,null,79.828,2615,6.027,null
FF,6/26/19,94.7,593576,strikeout,foul_tip,5,R,PHI,NYM,S,2,null,3,2,9,null,null,null,94.31,2397,6.022,null
KC,6/26/19,80.7,601713,strikeout,swinging_strike_blocked,14,R,PHI,NYM,S,2,null,0,2,6,null,null,null,79.582,2712,5.938,null
FF,6/26/19,94.1,601713,single,hit_into_play_no_out,11,R,PHI,NYM,X,7,line_drive,1,0,5,225,80.7,17.9,94.275,2244,6.408,4
KC,6/26/19,81,601713,field_out,hit_into_play,14,R,PHI,NYM,X,9,fly_ball,0,0,3,303,90.7,43.3,80.642,2592,6.221,3
FF,6/26/19,92.7,601713,double,hit_into_play_no_out,13,R,PHI,NYM,X,9,line_drive,2,1,1,305,88.3,23.2,92.411,2238,6.116,3
FS,6/25/19,86.6,593576,field_out,hit_into_play,4,R,PHI,NYM,X,3,popup,1,0,8,null,80,69,85.528,1245,5.523,3
SI,6/25/19,92,453562,field_out,hit_into_play,13,R,PHI,NYM,X,8,line_drive,0,0,6,335,93.9,22.6,91.439,2265,6.037,3
CH,6/25/19,88,453562,fielders_choice_out,hit_into_play,8,R,PHI,NYM,X,5,ground_ball,0,2,4,10,97.9,-8.8,86.855,1691,5.814,2
SL,6/25/19,90.2,453562,field_out,hit_into_play,9,R,PHI,NYM,X,7,fly_ball,0,0,2,356,93.9,33.4,90.521,2153,5.994,3
SI,6/25/19,93.4,453562,single,hit_into_play_no_out,5,R,PHI,NYM,X,4,ground_ball,0,2,1,4,84.8,-25.7,92.803,1967,5.915,2
SL,6/24/19,88.4,504379,single,hit_into_play_no_out,14,R,PHI,NYM,X,9,line_drive,1,0,6,241,86.3,16.6,88.3,1948,6.381,4
FT,6/24/19,91.7,621107,field_out,hit_into_play,13,R,PHI,NYM,X,5,ground_ball,1,1,4,null,82.9,-20.7,92.446,2153,6.748,2
FT,6/24/19,93.9,621107,single,hit_into_play_no_out,7,R,PHI,NYM,X,5,ground_ball,0,1,1,null,90.3,-17.3,94.048,2079,6.377,2
CH,6/23/19,83.7,430935,home_run,hit_into_play_score,9,L,CHC,NYM,X,null,fly_ball,0,2,4,454,110,24.4,83.315,1649,6.036,6
CH,6/23/19,82.8,430935,grounded_into_double_play,hit_into_play,14,L,CHC,NYM,X,6,ground_ball,1,1,1,12,90,-8.4,83.019,1769,6.359,2
FF,6/22/19,95.7,592858,double,hit_into_play_no_out,8,R,CHC,NYM,X,8,line_drive,0,0,6,340,112.1,12.2,95.986,2256,6.383,6
CU,6/22/19,75.8,500779,field_out,hit_into_play,9,L,CHC,NYM,X,6,ground_ball,3,2,4,6,95.3,-15.9,75.424,2158,5.565,2
CU,6/22/19,76.2,500779,field_out,hit_into_play,13,L,CHC,NYM,X,1,ground_ball,1,2,3,null,82.9,-20.7,75.472,2223,5.743,2
CU,6/22/19,76.2,500779,home_run,hit_into_play_score,9,L,CHC,NYM,X,null,fly_ball,3,2,1,419,108.1,29.3,75.264,2162,5.647,6
CH,6/21/19,84.6,543557,field_out,hit_into_play,12,L,CHC,NYM,X,6,ground_ball,1,1,8,9,65.9,-18.1,84.091,1959,6.071,2
FC,6/21/19,88.7,506433,strikeout,called_strike,1,R,CHC,NYM,S,2,null,0,2,6,null,null,null,87.983,1244,6.074,null
FS,6/21/19,89.6,506433,strikeout,swinging_strike,7,R,CHC,NYM,S,2,null,2,2,3,null,null,null,89.944,1300,6.048,null
FT,6/21/19,91.2,506433,strikeout,swinging_strike_blocked,14,R,CHC,NYM,S,2,null,0,2,1,null,null,null,91.092,1587,6.012,null
CH,6/20/19,86.5,640470,strikeout,swinging_strike,14,R,CHC,NYM,S,2,null,2,2,8,null,null,null,86.329,2117,5.991,null
FF,6/20/19,95.3,543022,home_run,hit_into_play_score,4,R,CHC,NYM,X,null,line_drive,1,1,3,409,117,21.4,94.875,2572,5.884,6
FT,6/20/19,94.9,543022,single,hit_into_play_no_out,5,R,CHC,NYM,X,8,line_drive,2,1,1,226,103.7,10.8,95.422,2418,6.448,4
FF,6/19/19,94.4,461872,field_out,hit_into_play,11,R,ATL,NYM,X,6,popup,1,2,7,null,80,69,94.568,2274,6.035,3
FF,6/19/19,97.8,608331,strikeout,foul_tip,14,L,ATL,NYM,S,2,null,3,2,5,null,null,null,98.32,2195,6.128,null
SL,6/19/19,88,608331,strikeout,swinging_strike,13,L,ATL,NYM,S,2,null,3,2,1,null,null,null,87.152,2439,5.61,null
FF,6/18/19,90,594795,single,hit_into_play_no_out,4,L,ATL,NYM,X,5,ground_ball,2,2,7,57,108.1,0.5,89.704,2204,6.101,4
FF,6/18/19,90.2,527054,home_run,hit_into_play_score,2,R,ATL,NYM,X,null,fly_ball,2,2,4,426,108,32.9,90.296,2411,6.192,6
SL,6/18/19,82.6,527054,double,hit_into_play_score,9,R,ATL,NYM,X,8,ground_ball,0,2,3,129,108.4,4.9,81.687,2560,5.698,4
FT,6/18/19,89.4,527054,double,hit_into_play_no_out,4,R,ATL,NYM,X,8,line_drive,1,1,1,383,113.5,14.5,88.905,2208,5.888,6
FF,6/17/19,89.1,460283,field_out,hit_into_play,4,L,ATL,NYM,X,8,line_drive,2,1,8,362,102.2,21,89.505,2282,6.468,5
FT,6/17/19,92.5,647336,field_out,hit_into_play,7,R,ATL,NYM,X,9,line_drive,0,0,6,324,93.6,23.8,90.484,2252,4.931,3
FT,6/17/19,94.7,647336,single,hit_into_play_score,4,R,ATL,NYM,X,7,line_drive,0,1,3,143,100.6,8.5,93.064,2196,5.296,4
FT,6/17/19,94,647336,strikeout,swinging_strike,13,R,ATL,NYM,S,2,null,3,2,1,null,null,null,91.626,2251,5.031,null
FT,6/16/19,93.2,593372,field_out,hit_into_play,2,R,NYM,STL,X,9,fly_ball,2,0,8,221,84,52.5,91.578,2070,5.326,3
SI,6/16/19,93.1,641712,single,hit_into_play_no_out,11,R,NYM,STL,X,8,line_drive,0,0,5,316,95.4,18.6,93.785,2085,6.521,4
SI,6/16/19,93.4,641712,strikeout,called_strike,2,R,NYM,STL,S,2,null,0,2,3,null,null,null,93.693,2228,6.209,null
FF,6/16/19,94.4,641712,field_out,hit_into_play,13,R,NYM,STL,X,6,line_drive,2,0,1,155,66.8,15.2,94.649,2105,6.161,2
null,6/15/19,null,605154,field_out,hit_into_play,null,R,NYM,STL,X,8,fly_ball,1,1,8,null,89,39,null,null,null,3
FF,6/15/19,95.4,608379,field_out,hit_into_play,4,R,NYM,STL,X,3,ground_ball,0,0,4,45,86.6,-0.3,95.955,2114,6.381,2
FF,6/15/19,93.6,608379,single,hit_into_play_no_out,6,R,NYM,STL,X,9,line_drive,1,1,2,178,101.6,8.4,94.024,2085,6.489,4
CH,6/15/19,85.1,608379,home_run,hit_into_play_score,1,R,NYM,STL,X,null,fly_ball,3,1,1,458,111.8,28.8,85.962,1462,6.677,6
FT,6/14/19,96.9,607231,double,hit_into_play_no_out,3,R,NYM,STL,X,8,line_drive,3,2,9,213,104,10.9,96.796,2488,6.337,4
FT,6/14/19,96.4,607231,fielders_choice,hit_into_play_score,1,R,NYM,STL,X,4,ground_ball,0,0,7,117,78.8,9.3,97.23,2448,6.674,4
SL,6/14/19,82.9,605154,field_out,hit_into_play,5,R,NYM,STL,X,8,fly_ball,3,1,5,269,91.7,49.3,83.267,2590,6.212,3
SL,6/13/19,82.4,453192,strikeout,swinging_strike,13,L,NYM,STL,S,2,null,1,2,8,null,null,null,82.708,2637,6.389,null
SL,6/13/19,84.3,656427,double,hit_into_play_no_out,8,R,NYM,STL,X,null,ground_ball,0,1,6,70,87.7,4.2,84.732,null,6.271,2
FT,6/13/19,93,656427,single,hit_into_play_no_out,4,R,NYM,STL,X,8,line_drive,2,1,3,195,82.7,13.7,93.628,1626,6.493,4
FT,6/13/19,92.7,656427,strikeout,called_strike,7,R,NYM,STL,S,2,null,1,2,1,null,null,null,94.256,1677,6.928,null
SL,6/11/19,85.3,570666,field_out,hit_into_play,4,R,NYY,NYM,X,5,ground_ball,2,2,8,35,81.1,-1.5,84.29,2512,5.392,2
FF,6/11/19,96.2,592454,strikeout,swinging_strike,11,R,NYY,NYM,S,2,null,0,2,7,null,null,null,96.657,2248,6.359,null
FF,6/11/19,90.9,547888,field_out,hit_into_play,4,R,NYY,NYM,X,7,line_drive,0,1,5,361,97.9,19.9,91.132,2136,6.157,4
SL,6/11/19,82.3,664856,strikeout,called_strike,9,R,NYY,NYM,S,2,null,2,2,4,null,null,null,82.045,3100,6.07,null
SL,6/11/19,81.8,547888,field_out,hit_into_play,6,R,NYY,NYM,X,5,ground_ball,1,1,3,21,85,-5.2,80.341,2352,5.487,2
SL,6/11/19,82.7,547888,strikeout,swinging_strike,14,R,NYY,NYM,S,2,null,1,2,1,null,null,null,81.99,2413,5.545,null
FF,6/11/19,95,572020,home_run,hit_into_play_score,3,L,NYY,NYM,X,null,fly_ball,2,2,1,424,109.6,20.2,95.191,2308,6.294,6
CU,6/9/19,77.7,656546,strikeout,swinging_strike_blocked,14,R,NYM,COL,S,2,null,1,2,5,null,null,null,77.52,2576,6.453,null
FF,6/9/19,93.6,656546,field_out,hit_into_play,11,R,NYM,COL,X,5,ground_ball,0,1,3,43,90.7,-0.4,92.763,2418,5.872,2
CU,6/9/19,77.6,656546,strikeout,swinging_strike_blocked,14,R,NYM,COL,S,2,null,1,2,1,null,null,null,77.31,2528,6.334,null
FF,6/8/19,93.8,459429,home_run,hit_into_play_score,4,L,NYM,COL,X,null,fly_ball,1,0,7,364,111.5,48.2,92.828,2251,5.84,6
SL,6/8/19,87.6,592351,strikeout,swinging_strike,14,R,NYM,COL,S,2,null,1,2,5,null,null,null,87.168,2164,5.984,null
FF,6/8/19,97.3,592351,field_out,hit_into_play,5,R,NYM,COL,X,5,ground_ball,3,2,1,4,94,-26.5,96.792,2015,5.889,2
SL,6/7/19,85.3,623184,field_out,hit_into_play,14,R,NYM,COL,X,3,ground_ball,1,2,8,11,65.1,-5.4,85.13,2550,6.084,2
FF,6/7/19,90.7,622608,field_out,hit_into_play,4,R,NYM,COL,X,6,ground_ball,0,2,6,15,102.3,-9.6,90.709,1917,6.208,2
FF,6/7/19,95.1,622608,grounded_into_double_play,hit_into_play,8,R,NYM,COL,X,6,ground_ball,3,0,3,97,106.8,3.6,94.357,1954,5.818,4
FF,6/7/19,95.1,622608,field_out,hit_into_play,13,R,NYM,COL,X,6,ground_ball,2,2,1,28,95.8,-1.5,95.008,2182,6.269,2
FC,6/6/19,90.6,453343,field_out,hit_into_play,1,R,NYM,SF,X,5,popup,0,0,8,null,80,69,90.479,2116,6.182,3
FC,6/6/19,91.9,453343,single,hit_into_play_no_out,6,R,NYM,SF,X,7,ground_ball,2,0,8,86,109.7,2.2,92.075,2305,6.427,4
SL,6/6/19,84.3,641312,field_out,hit_into_play,5,R,NYM,SF,X,7,fly_ball,1,0,6,null,89.2,39.3,81.264,2430,4.574,3
CH,6/6/19,85.6,641312,strikeout,swinging_strike,4,R,NYM,SF,S,2,null,2,2,3,null,null,null,84.621,1221,5.819,null
FF,6/5/19,95.7,641627,field_out,hit_into_play,6,R,NYM,SF,X,9,fly_ball,2,2,6,326,97.8,44,94.96,2113,5.937,3
FF,6/5/19,95.6,595881,field_out,hit_into_play,3,R,NYM,SF,X,8,fly_ball,2,1,1,373,105.8,39.5,94.537,2459,5.771,6
SI,6/4/19,92.1,502706,strikeout,called_strike,7,L,NYM,SF,S,2,null,3,2,10,null,null,null,91.779,2185,6.176,null
CH,6/4/19,86.8,453265,field_out,hit_into_play,14,L,NYM,SF,X,7,line_drive,1,2,8,287,79.4,29.4,85.606,2338,5.646,3
FF,6/4/19,92.2,518516,home_run,hit_into_play_score,2,L,NYM,SF,X,null,fly_ball,0,1,6,421,108.1,26.3,92.811,2361,6.561,6
FC,6/4/19,88,518516,single,hit_into_play_no_out,4,L,NYM,SF,X,7,line_drive,2,2,3,203,88.2,14,88.169,2664,6.268,4
SI,6/2/19,93.5,592233,field_out,hit_into_play,11,R,ARI,NYM,X,8,line_drive,1,1,9,291,82,24.1,93.092,2014,6.044,3
FF,6/2/19,93.1,518876,field_out,hit_into_play,9,R,ARI,NYM,X,6,ground_ball,3,1,6,24,86.4,-1.8,93.209,2643,6.213,2
FF,6/2/19,91.2,518876,field_out,hit_into_play,6,R,ARI,NYM,X,9,fly_ball,2,0,3,280,83.1,40.5,90.849,2308,6.062,3
SI,6/2/19,92.1,518876,force_out,hit_into_play,13,R,ARI,NYM,X,6,ground_ball,3,1,1,115,75.5,10.3,91.269,2321,6.022,2
SI,6/1/19,90.3,643327,single,hit_into_play_no_out,5,R,ARI,NYM,X,7,ground_ball,1,1,8,74,88.8,3.2,88.764,2248,5.548,2
SI,6/1/19,90.2,643327,field_out,hit_into_play,9,R,ARI,NYM,X,8,line_drive,0,1,5,367,98.6,19.3,88.806,2222,5.41,4
SL,6/1/19,84.1,425844,field_out,hit_into_play,14,R,ARI,NYM,X,9,fly_ball,2,2,3,284,88.6,45.1,82.844,2583,5.471,3
CH,6/1/19,86.3,425844,double,hit_into_play_score,8,R,ARI,NYM,X,8,line_drive,0,1,1,417,110.5,17.7,85.338,1598,5.725,6
SL,5/31/19,84.4,518813,strikeout,swinging_strike_blocked,14,R,ARI,NYM,S,2,null,1,2,9,null,null,null,83.889,2149,5.956,null
FF,5/31/19,96.2,605151,force_out,hit_into_play,4,R,ARI,NYM,X,5,ground_ball,0,2,7,40,84.9,0,96.495,2304,6.369,2
SL,5/31/19,84.4,641541,field_out,hit_into_play,8,R,ARI,NYM,X,6,ground_ball,0,0,5,29,100.6,-2.4,85.228,2183,6.889,2
FT,5/31/19,92.5,641541,single,hit_into_play_no_out,4,R,ARI,NYM,X,7,line_drive,1,2,3,146,96.9,7.3,94.355,2157,7.289,4
FT,5/31/19,93.1,641541,grounded_into_double_play,hit_into_play,13,R,ARI,NYM,X,4,ground_ball,1,1,1,13,98.2,-7.1,94.191,2235,6.889,2
FC,5/30/19,84.7,547943,double,hit_into_play_no_out,8,L,LAD,NYM,X,7,line_drive,1,0,7,190,114.6,7.7,85.305,2029,6.251,5
CU,5/30/19,75.1,547943,field_out,hit_into_play,3,L,LAD,NYM,X,9,line_drive,1,1,4,333,94.5,23.5,74.899,2660,6.226,3
FC,5/30/19,84.2,547943,strikeout,swinging_strike_blocked,13,L,LAD,NYM,S,2,null,1,2,2,null,null,null,84.412,2118,6.422,null
CH,5/29/19,82.8,628711,single,hit_into_play_no_out,14,L,LAD,NYM,X,7,line_drive,1,2,7,237,93.9,12.4,82.924,1859,6.118,4
FC,5/29/19,92.3,621111,home_run,hit_into_play_score,2,R,LAD,NYM,X,null,fly_ball,0,1,5,368,100,25.4,92.257,2696,6.095,6
FT,5/29/19,98.1,621111,field_out,hit_into_play,5,R,LAD,NYM,X,4,ground_ball,3,1,3,10,105.7,-10.3,97.948,2474,6.032,2
FF,5/29/19,97.9,621111,home_run,hit_into_play_score,6,R,LAD,NYM,X,null,line_drive,0,0,1,408,106,19.8,97.638,2551,5.991,6
CH,5/28/19,84.5,548389,double,hit_into_play_no_out,13,R,LAD,NYM,X,7,line_drive,1,1,7,176,113.5,8,84.883,1632,6.325,5
CU,5/28/19,73.9,448179,strikeout,swinging_strike,8,L,LAD,NYM,S,2,null,2,2,5,null,null,null,72.26,2867,5.5,null
FF,5/28/19,89.1,448179,strikeout,swinging_strike,12,L,LAD,NYM,S,2,null,2,2,3,null,null,null,89.052,2369,6.226,null
FF,5/28/19,92.1,448179,strikeout,called_strike,5,L,LAD,NYM,S,2,null,2,2,1,null,null,null,93.15,2502,6.967,null
null,5/27/19,null,445276,triple,hit_into_play_no_out,null,R,LAD,NYM,X,8,fly_ball,0,2,9,null,96.9,31.3,null,null,null,5
null,5/27/19,null,520980,field_out,hit_into_play,null,R,LAD,NYM,X,8,fly_ball,0,0,7,null,89.2,39.3,null,null,null,3
null,5/27/19,null,477132,field_out,hit_into_play,null,L,LAD,NYM,X,6,ground_ball,1,2,5,null,82.9,-20.7,null,null,null,2
null,5/27/19,null,477132,field_out,hit_into_play,null,L,LAD,NYM,X,5,line_drive,2,1,3,null,91.1,18.2,null,null,null,4
null,5/27/19,null,477132,single,hit_into_play_score,null,L,LAD,NYM,X,7,ground_ball,1,0,1,null,90.3,-17.3,null,null,null,2
CH,5/25/19,80.3,543278,fielders_choice,hit_into_play_no_out,12,L,NYM,DET,X,6,ground_ball,1,2,8,33,73.7,-1.5,79.834,1962,5.845,2
CH,5/25/19,77.9,598286,strikeout,swinging_strike,14,L,NYM,DET,S,2,null,1,2,6,null,null,null,76.231,1528,5.246,null
SL,5/25/19,81.7,543001,strikeout,foul_tip,8,L,NYM,DET,S,2,null,1,2,4,null,null,null,80.552,2729,5.514,null
FT,5/25/19,91.5,543001,field_out,hit_into_play,6,L,NYM,DET,X,9,line_drive,1,0,1,319,88.5,23,91.521,2142,6.224,3
SL,5/24/19,90.1,622505,field_out,hit_into_play,9,R,NYM,DET,X,1,ground_ball,1,1,7,0,59.6,-87.2,88.165,2054,5.486,2
FF,5/24/19,93.4,643617,home_run,hit_into_play_score,11,R,NYM,DET,X,null,fly_ball,2,2,5,401,105.2,27.3,92.725,2100,6.304,6
SI,5/24/19,91.7,642397,double,hit_into_play_no_out,5,L,NYM,DET,X,7,line_drive,1,1,4,211,105.1,12.3,92.76,2181,7.219,4
SL,5/24/19,83.4,642397,strikeout,swinging_strike,14,L,NYM,DET,S,2,null,1,2,2,null,null,null,83.137,2107,6.566,null
FC,5/23/19,91.7,593833,strikeout,swinging_strike,12,R,NYM,WSH,S,2,null,1,2,8,null,null,null,91.627,2665,6.001,null
FF,5/23/19,94.1,544931,sac_fly,hit_into_play_score,2,R,NYM,WSH,X,8,fly_ball,2,2,6,357,98.3,38.2,95.133,2163,6.821,3
CH,5/23/19,85.2,544931,strikeout,swinging_strike,13,R,NYM,WSH,S,2,null,1,2,4,null,null,null,86.663,1459,7.185,null
FT,5/23/19,93.1,544931,strikeout,swinging_strike,13,R,NYM,WSH,S,2,null,2,2,1,null,null,null,93.748,2053,6.638,null
FF,5/22/19,92.8,607457,field_out,hit_into_play,11,R,NYM,WSH,X,5,ground_ball,0,2,8,6,91.4,-33.9,92.604,2257,6.226,2
FF,5/22/19,95.4,453286,strikeout,swinging_strike,11,R,NYM,WSH,S,2,null,2,2,5,null,null,null,95.136,2461,6.124,null
CU,5/22/19,79.6,453286,strikeout,called_strike,7,R,NYM,WSH,S,2,null,3,2,4,null,null,null,78.561,2677,5.601,null
FF,5/22/19,96.8,453286,strikeout,swinging_strike,11,R,NYM,WSH,S,2,null,2,2,1,null,null,null,96.787,2590,6.355,null
FF,5/21/19,98.9,663432,home_run,hit_into_play_score,2,R,NYM,WSH,X,null,fly_ball,1,2,8,417,112.2,35.1,98.093,2281,6.069,6
FC,5/21/19,92.2,593833,field_out,hit_into_play,12,R,NYM,WSH,X,9,fly_ball,3,1,6,250,71,34.1,91.115,2609,5.837,3
SI,5/21/19,91,607200,field_out,hit_into_play,13,R,NYM,WSH,X,8,line_drive,3,1,2,350,88.4,25.6,90.422,1840,6.271,3
FT,5/20/19,89,571578,field_out,hit_into_play,6,L,NYM,WSH,X,8,fly_ball,0,1,5,356,97.2,35.5,88.686,2216,6.065,3
FT,5/20/19,91.7,571578,strikeout,swinging_strike,12,L,NYM,WSH,S,2,null,0,2,3,null,null,null,91.823,2142,6.137,null
FT,5/20/19,91.7,571578,home_run,hit_into_play_score,7,L,NYM,WSH,X,null,fly_ball,1,2,1,416,108.1,31.3,91.874,2196,6.427,6
CH,5/19/19,90.9,645261,strikeout,swinging_strike,8,R,MIA,NYM,S,2,null,2,2,5,null,null,null,90.529,1741,6.077,null
SI,5/19/19,95.2,645261,field_out,hit_into_play,11,R,MIA,NYM,X,5,line_drive,1,0,2,132,61.9,17.4,93.701,2194,5.429,2
FT,5/18/19,93.6,641154,field_out,hit_into_play,4,R,MIA,NYM,X,3,line_drive,1,0,7,122,54,20.5,93.665,1976,6.531,1
FT,5/18/19,94.6,641154,field_out,hit_into_play,11,R,MIA,NYM,X,5,ground_ball,1,0,4,9,56.2,-17.8,95.687,2058,6.832,1
CH,5/18/19,88.5,641154,field_out,hit_into_play,5,R,MIA,NYM,X,5,ground_ball,3,2,1,12,92.6,-10.2,90.271,2091,7.409,2
FF,5/17/19,85.8,489265,field_out,hit_into_play,3,R,MIA,NYM,X,7,fly_ball,2,2,9,296,85.9,42.4,85.348,2210,5.925,3
FF,5/17/19,95.5,623433,home_run,hit_into_play_score,2,R,MIA,NYM,X,null,fly_ball,0,0,8,419,104.9,27.2,94.472,2286,5.799,6
FF,5/17/19,90.9,670950,field_out,hit_into_play,1,R,MIA,NYM,X,8,fly_ball,1,1,6,266,88.7,47.5,91.241,2127,6.523,3
FF,5/17/19,91.3,670950,field_out,hit_into_play,4,R,MIA,NYM,X,9,fly_ball,0,0,3,326,92.1,27.2,91.219,2131,6.422,3
FC,5/17/19,85.5,670950,home_run,hit_into_play_score,9,R,MIA,NYM,X,null,fly_ball,1,0,2,417,105.6,21.1,85.083,2079,6.166,6
FF,5/16/19,93.7,607457,field_out,hit_into_play,1,R,WSH,NYM,X,8,fly_ball,0,0,7,338,88.3,29.7,94.171,2503,6.154,3
FS,5/15/19,82.4,448281,strikeout,swinging_strike,12,L,WSH,NYM,S,2,null,1,2,9,null,null,null,82.885,2100,6.53,null
FF,5/15/19,91.9,571578,field_out,hit_into_play,6,L,WSH,NYM,X,4,ground_ball,1,0,6,10,107.1,-13.4,91.908,2287,6.297,2
FT,5/15/19,92.2,571578,strikeout,called_strike,13,L,WSH,NYM,S,2,null,3,2,4,null,null,null,92.38,2188,6.505,null
FF,5/15/19,89.2,571578,field_out,hit_into_play,8,L,WSH,NYM,X,6,line_drive,1,0,2,181,115,8.8,88.769,2259,6.006,6
FF,5/14/19,92.3,607200,field_out,hit_into_play,1,R,WSH,NYM,X,1,popup,0,1,7,43,75.2,81.6,93.467,1918,6.846,3
CH,5/14/19,80,476451,field_out,hit_into_play,11,R,WSH,NYM,X,7,fly_ball,0,0,5,240,73.3,39.8,78.749,1977,5.215,3
SI,5/14/19,88,476451,field_out,hit_into_play,11,R,WSH,NYM,X,3,popup,1,0,3,91,46.7,58.8,87.226,2131,5.717,1
CH,5/14/19,79,476451,single,hit_into_play_no_out,7,R,WSH,NYM,X,6,ground_ball,1,0,1,30,70.3,0.2,78.356,1924,5.563,2
CH,5/11/19,81.8,612672,field_out,hit_into_play,14,L,NYM,MIA,X,6,ground_ball,2,1,7,8,85.6,-17.3,81.417,1298,5.888,2
SL,5/11/19,85.2,645261,home_run,hit_into_play_score,5,R,NYM,MIA,X,null,fly_ball,2,1,6,383,106.5,34.2,83.276,2361,5.121,6
SI,5/11/19,94.3,645261,field_out,hit_into_play,11,R,NYM,MIA,X,4,ground_ball,0,0,4,90,40.3,26.9,93.007,2283,5.41,1
CU,5/10/19,80.5,592169,strikeout,called_strike,5,R,NYM,MIA,S,2,null,0,2,5,null,null,null,77.953,2987,4.786,null
FF,5/10/19,92.1,592169,strikeout,swinging_strike,11,R,NYM,MIA,S,2,null,1,2,4,null,null,null,90.415,2362,5.347,null
FT,5/10/19,94.7,641154,force_out,hit_into_play,14,R,NYM,MIA,X,1,ground_ball,2,2,1,2,102.7,-25.6,97.092,2014,7.642,2
FS,5/8/19,86.3,489446,strikeout,swinging_strike,7,R,SD,NYM,S,2,null,3,2,9,null,null,null,84.835,1164,5.742,null
CU,5/8/19,80,621381,field_out,hit_into_play,5,L,SD,NYM,X,8,fly_ball,0,1,6,392,108.2,37,78.987,null,5.417,6
FF,5/8/19,91.4,621381,strikeout,swinging_strike,2,L,SD,NYM,S,2,null,1,2,3,null,null,null,90.111,2285,5.703,null
CU,5/8/19,81.1,621381,field_out,hit_into_play,5,L,SD,NYM,X,8,fly_ball,1,1,1,292,80.9,26.7,79.888,2439,5.311,3
FF,5/7/19,91.9,476589,home_run,hit_into_play_score,4,R,SD,NYM,X,null,fly_ball,2,2,9,449,114.6,27.4,90.832,2063,6.046,6
SI,5/7/19,92.6,489334,single,hit_into_play_score,7,R,SD,NYM,X,7,ground_ball,1,2,7,18,107.4,-5.1,92.959,2169,6.508,2
SL,5/7/19,87.6,615698,force_out,hit_into_play,14,R,SD,NYM,X,4,ground_ball,2,1,5,4,76.6,-24.9,86.784,2452,5.929,2
FF,5/7/19,95.4,615698,field_out,hit_into_play,4,R,SD,NYM,X,8,fly_ball,0,0,3,253,87.5,49.5,94.661,2135,6.246,3
SL,5/7/19,86,615698,single,hit_into_play_score,9,R,SD,NYM,X,7,ground_ball,0,0,1,55,109.5,0.4,84.85,2304,5.762,4
SI,5/6/19,92.5,489334,strikeout,swinging_strike,13,R,SD,NYM,S,2,null,2,2,8,null,null,null,92.81,2154,6.613,null
CH,5/6/19,85.4,663978,field_out,hit_into_play,14,R,SD,NYM,X,5,ground_ball,2,1,6,13,81.1,-5.2,85.002,1833,6.22,2
FF,5/6/19,97.2,663978,strikeout,swinging_strike,11,R,SD,NYM,S,2,null,0,2,3,null,null,null,98.448,2231,7.132,null
FF,5/6/19,97.9,663978,strikeout,swinging_strike,2,R,SD,NYM,S,2,null,1,2,1,null,null,null,98.87,2453,6.79,null
FF,5/5/19,96.9,623352,strikeout,swinging_strike,3,L,MIL,NYM,S,2,null,0,2,9,null,null,null,98.245,2229,6.767,null
FT,5/5/19,89.2,605200,field_out,hit_into_play,5,R,MIL,NYM,X,8,line_drive,2,2,6,378,93.5,25,88.181,2345,5.829,3
CU,5/5/19,77.3,605200,field_out,hit_into_play,9,R,MIL,NYM,X,3,popup,0,1,4,null,80,69,76.109,2682,5.382,3
CH,5/5/19,80,605200,field_out,hit_into_play,5,R,MIL,NYM,X,7,fly_ball,2,2,2,339,89.1,27.8,79.506,1658,5.734,3
FT,5/4/19,95.8,592865,grounded_into_double_play,hit_into_play,2,R,MIL,NYM,X,4,ground_ball,3,2,16,6,98.2,-23.7,96.292,2429,6.315,2
FF,5/4/19,95.4,605288,field_out,hit_into_play,14,R,MIL,NYM,X,4,ground_ball,3,2,13,3,88.1,-26.8,96.418,2200,6.806,2
FF,5/4/19,96.1,669203,single,hit_into_play_no_out,8,R,MIL,NYM,X,7,line_drive,3,0,11,149,113.6,6.7,96.758,2587,6.338,5
CU,5/4/19,81.6,448855,home_run,hit_into_play_score,8,R,MIL,NYM,X,null,fly_ball,0,0,9,398,110.9,20.9,81.542,2690,6.097,6
SI,5/4/19,90.2,458006,field_out,hit_into_play,13,R,MIL,NYM,X,5,ground_ball,0,1,6,23,98.7,-4.9,90.62,1770,6.358,2
CU,5/4/19,76.3,461829,strikeout,swinging_strike,9,L,MIL,NYM,S,2,null,0,2,3,null,null,null,74.931,2906,5.516,null
CU,5/4/19,76.5,461829,strikeout,swinging_strike_blocked,13,L,MIL,NYM,S,2,null,2,2,1,null,null,null,74.999,2847,5.543,null
FF,5/3/19,97.1,623352,strikeout,foul_tip,7,L,MIL,NYM,S,2,null,0,2,8,null,null,null,97.634,2372,6.67,null
FT,5/3/19,95.4,605540,single,hit_into_play_no_out,4,R,MIL,NYM,X,9,ground_ball,0,0,5,109,67.8,10,95.16,2070,6.256,2
CH,5/3/19,87.1,605540,field_out,hit_into_play,7,R,MIL,NYM,X,1,ground_ball,1,2,3,null,82.9,-20.7,87.34,1782,6.269,2
FF,5/3/19,95.8,605540,strikeout_double_play,swinging_strike,5,R,MIL,NYM,S,2,null,3,2,1,null,null,null,96.078,2295,6.342,null
SI,5/1/19,91.9,453172,field_out,hit_into_play,13,R,NYM,CIN,X,1,ground_ball,0,2,8,null,82.9,-20.7,91.823,1828,6.078,2
FT,5/1/19,92.3,543101,strikeout,swinging_strike,5,R,NYM,CIN,S,2,null,2,2,6,null,null,null,93.417,1976,6.773,null
FT,5/1/19,95.7,543101,field_out,hit_into_play,11,R,NYM,CIN,X,7,fly_ball,1,0,3,235,68.9,31.7,95.499,2089,6.305,4
SL,5/1/19,89.3,543101,single,hit_into_play_no_out,14,R,NYM,CIN,X,9,ground_ball,0,1,1,75,78.4,5.3,89.311,2227,6.01,2
FF,4/30/19,95,628452,sac_fly,hit_into_play_score,6,R,NYM,CIN,X,9,fly_ball,1,2,10,347,103.3,35.6,94.278,2315,5.987,6
SL,4/30/19,83.9,596112,strikeout,swinging_strike,8,R,NYM,CIN,S,2,null,0,2,8,null,null,null,82.477,2749,5.369,null
FF,4/30/19,95.6,622491,strikeout,swinging_strike,12,R,NYM,CIN,S,2,null,2,2,6,null,null,null,92.825,2223,5.239,null
FT,4/30/19,97.5,622491,field_out,hit_into_play,7,R,NYM,CIN,X,4,ground_ball,1,2,3,3,82.6,-24.6,95.205,2018,5.303,2
CH,4/30/19,87.1,622491,grounded_into_double_play,hit_into_play,7,R,NYM,CIN,X,5,ground_ball,1,1,1,4,76.6,-27.7,85.28,1998,5.298,2
CH,4/29/19,87.9,628452,strikeout,swinging_strike_blocked,13,R,NYM,CIN,S,2,null,1,2,8,null,null,null,87.29,1797,6.019,null
FC,4/29/19,93.5,547179,single,hit_into_play_no_out,6,R,NYM,CIN,X,7,line_drive,1,1,6,154,108,6.6,92.337,2560,5.421,4
CH,4/29/19,84.4,543699,strikeout,swinging_strike_blocked,14,R,NYM,CIN,S,2,null,2,2,3,null,null,null,84.377,1652,6.12,null
FT,4/29/19,92,543699,field_out,hit_into_play,4,R,NYM,CIN,X,6,ground_ball,2,1,1,116,86.9,5.7,92.038,2078,6.192,4
FF,4/28/19,88.8,658792,strikeout,foul_tip,2,R,NYM,MIL,S,2,null,3,2,7,null,null,null,88.697,2260,6.763,null
CH,4/28/19,83.1,461829,field_out,hit_into_play,8,L,NYM,MIL,X,6,ground_ball,1,0,5,14,83.7,-6.2,81.727,1567,5.846,2
CH,4/28/19,79.9,461829,field_out,hit_into_play,12,L,NYM,MIL,X,4,ground_ball,2,1,3,3,64.4,-42,78.929,1579,5.907,2
FF,4/28/19,91.2,461829,triple,hit_into_play_no_out,2,L,NYM,MIL,X,7,fly_ball,3,2,1,360,102.4,38.3,89.877,2283,5.639,5
FF,4/27/19,95.4,623352,strikeout,swinging_strike,6,L,NYM,MIL,S,2,null,0,2,9,null,null,null,95.227,2225,6.604,null
CH,4/27/19,72.4,592222,home_run,hit_into_play_score,8,L,NYM,MIL,X,null,fly_ball,3,2,7,384,100.5,34.8,71.232,2252,5.851,5
SL,4/27/19,88.1,605540,single,hit_into_play_no_out,9,R,NYM,MIL,X,9,ground_ball,1,1,5,27,106.9,-2.7,87.814,2364,6.231,4
FF,4/27/19,97.3,605540,single,hit_into_play_no_out,6,R,NYM,MIL,X,8,ground_ball,1,2,3,77,105.5,2.7,97.497,2256,6.544,4
CH,4/27/19,87.6,605540,field_out,hit_into_play,7,R,NYM,MIL,X,8,fly_ball,0,1,1,289,78.1,31.7,87.134,1870,6.451,3
FF,4/26/19,93.2,502593,field_out,hit_into_play,4,R,NYM,MIL,X,6,ground_ball,2,2,9,4,69.7,-26.7,96.447,2089,7.809,2
FC,4/26/19,90.7,606930,strikeout,swinging_strike_blocked,14,R,NYM,MIL,S,2,null,1,2,7,null,null,null,90.892,2513,6.431,null
FC,4/26/19,90.4,502624,field_out,hit_into_play,12,R,NYM,MIL,X,5,ground_ball,1,2,5,5,72.4,-32,89.428,2392,5.449,2
FF,4/26/19,95.2,502624,strikeout,called_strike,9,R,NYM,MIL,S,2,null,1,2,1,null,null,null,94.93,2222,6.074,null
SL,4/24/19,81.8,605388,strikeout,swinging_strike,13,L,NYM,PHI,S,2,null,3,2,8,null,null,null,80.735,2912,5.618,null
FT,4/23/19,93.4,623454,field_out,hit_into_play,11,R,NYM,PHI,X,6,popup,0,0,6,null,80,69,92.772,2116,5.969,3
FT,4/23/19,93.9,623454,field_out,hit_into_play,5,R,NYM,PHI,X,8,fly_ball,1,0,5,234,91.3,52.8,93.343,2396,6.055,3
FF,4/23/19,94.2,621107,strikeout,swinging_strike,11,R,NYM,PHI,S,2,null,0,2,2,null,null,null,94.188,2213,6.271,null
SL,4/22/19,90.5,453562,field_out,hit_into_play,14,R,NYM,PHI,X,4,ground_ball,1,2,5,26,84,-0.9,89.765,2427,5.916,2
SI,4/22/19,92.1,453562,double,hit_into_play_score,14,R,NYM,PHI,X,9,ground_ball,2,2,3,89,98.7,2.9,90.53,2240,5.81,4
SI,4/22/19,93.1,453562,strikeout,called_strike,7,R,NYM,PHI,S,2,null,2,2,1,null,null,null,91.98,2437,6.109,null
SI,4/21/19,102.4,663855,single,hit_into_play_no_out,4,R,STL,NYM,X,7,line_drive,3,2,9,220,75.2,17.8,101.815,2073,6.099,4
FF,4/21/19,94.4,453192,strikeout,swinging_strike,3,L,STL,NYM,S,2,null,2,2,7,null,null,null,95.058,2099,6.578,null
SI,4/21/19,92.1,641712,field_out,hit_into_play,4,R,STL,NYM,X,6,ground_ball,2,1,5,4,47.3,-32.6,93.218,2326,6.479,1
SL,4/21/19,88.5,641712,home_run,hit_into_play_score,5,R,STL,NYM,X,null,fly_ball,1,0,1,444,114.5,29.5,87.981,1189,5.686,6
SL,4/20/19,85.7,571945,field_out,hit_into_play,9,R,STL,NYM,X,9,fly_ball,2,2,8,316,91.4,36.7,85.139,2322,5.785,3
CU,4/20/19,76.4,571945,field_out,hit_into_play,5,R,STL,NYM,X,5,ground_ball,0,1,6,3,81,-39.6,73.95,2584,4.824,2
FT,4/20/19,93.5,571945,field_out,hit_into_play,5,R,STL,NYM,X,6,ground_ball,2,2,3,140,76.7,11.5,93.29,2253,6.243,4
FT,4/20/19,93.2,571945,field_out,hit_into_play,11,R,STL,NYM,X,1,popup,1,1,1,null,80,69,92.645,2367,6.401,3
CH,4/19/19,79.3,643778,single,hit_into_play_no_out,6,L,STL,NYM,X,7,line_drive,1,0,8,298,116,15.2,78.799,1752,6.052,6
FF,4/19/19,97.2,664854,home_run,hit_into_play_score,14,R,STL,NYM,X,null,line_drive,3,2,6,432,111.7,16.9,97.2,2464,6.389,6
CU,4/19/19,75.9,425794,field_out,hit_into_play,14,R,STL,NYM,X,5,ground_ball,3,2,1,3,66.3,-28.3,75.008,2851,5.681,2
CH,4/17/19,87.6,453562,single,hit_into_play_no_out,14,R,PHI,NYM,X,1,ground_ball,1,2,9,10,108.6,-5.9,86.128,1635,5.691,2
CH,4/17/19,87,453562,strikeout,swinging_strike_blocked,13,R,PHI,NYM,S,2,null,1,2,6,null,null,null,87.117,1633,6.538,null
CU,4/17/19,81.9,453562,grounded_into_double_play,hit_into_play,14,R,PHI,NYM,X,6,ground_ball,2,2,3,4,70.6,-17.2,80.281,2803,5.659,2
SI,4/17/19,94.2,453562,field_out,hit_into_play,4,R,PHI,NYM,X,1,ground_ball,2,1,1,10,72.5,-11.6,93.181,2255,5.918,2
SL,4/16/19,85.9,595191,strikeout,swinging_strike,9,R,PHI,NYM,S,2,null,3,2,7,null,null,null,85.48,2430,6.079,null
FT,4/16/19,93.9,601713,field_out,hit_into_play,4,R,PHI,NYM,X,6,ground_ball,1,1,3,23,83.7,-4.5,93.967,2461,6.559,2
CU,4/15/19,75.9,623454,strikeout,swinging_strike_blocked,14,R,PHI,NYM,S,2,null,0,2,8,null,null,null,74.391,2573,5.599,null
SL,4/15/19,84.3,501625,field_out,hit_into_play,8,L,PHI,NYM,X,7,line_drive,0,0,6,314,109.9,15.5,84.306,2397,6.086,6
KC,4/15/19,79,605400,strikeout,swinging_strike,8,R,PHI,NYM,S,2,null,2,2,4,null,null,null,77.873,2662,5.847,null
FT,4/15/19,93.6,605400,single,hit_into_play_no_out,6,R,PHI,NYM,X,8,line_drive,3,2,1,271,81.6,21.7,94.017,2231,6.542,4
FF,4/14/19,95.6,621345,strikeout,called_strike,7,L,ATL,NYM,S,2,null,3,2,9,null,null,null,95.386,2265,5.992,null
CU,4/14/19,76.8,592145,strikeout,swinging_strike,6,L,ATL,NYM,S,2,null,2,2,7,null,null,null,76.147,2596,5.824,null
FT,4/14/19,89.8,527054,field_out,hit_into_play,4,R,ATL,NYM,X,7,fly_ball,0,0,5,null,89.2,39.3,89.702,2246,6.129,3
CH,4/14/19,85.4,527054,field_out,hit_into_play,8,R,ATL,NYM,X,6,ground_ball,0,0,3,114,103.8,5,86.598,1566,6.586,4
SL,4/14/19,83.8,527054,single,hit_into_play_no_out,14,R,ATL,NYM,X,9,ground_ball,1,2,1,24,82.1,-2.1,83.916,2667,6.065,2
FS,4/13/19,87.1,657053,strikeout,swinging_strike,14,R,ATL,NYM,S,2,null,0,2,7,null,null,null,87.949,1327,6.65,null
SI,4/13/19,93.3,657053,field_out,hit_into_play,4,R,ATL,NYM,X,7,fly_ball,0,0,5,288,79.2,30.1,94.022,2176,6.562,3
CU,4/13/19,75,657053,field_out,hit_into_play,4,R,ATL,NYM,X,8,fly_ball,2,2,2,387,95.7,29.6,74.375,2347,6.074,5
CH,4/13/19,87.5,656794,double,hit_into_play_no_out,5,L,ATL,NYM,X,7,line_drive,0,1,1,205,108.3,11,86.394,1568,5.454,5
SL,4/12/19,88.3,592145,field_out,hit_into_play,1,L,ATL,NYM,X,6,popup,1,2,8,190,67.6,49.5,88.077,2272,5.735,3
SL,4/11/19,89.4,592426,single,hit_into_play_no_out,5,R,ATL,NYM,X,8,line_drive,1,1,9,285,90.4,18.1,89.784,2435,6.236,4
SI,4/11/19,95.1,458924,home_run,hit_into_play_score,5,L,ATL,NYM,X,null,line_drive,0,1,7,454,118.3,17,92.803,2254,4.988,6
FF,4/11/19,97.2,592332,strikeout,foul_tip,11,R,ATL,NYM,S,2,null,0,2,5,null,null,null,97.013,2479,6.238,null
FF,4/11/19,95.4,592332,strikeout,swinging_strike,11,R,ATL,NYM,S,2,null,3,2,1,null,null,null,95.501,2249,6.299,null
CU,4/10/19,74.9,543606,field_out,hit_into_play,14,R,NYM,MIN,X,5,ground_ball,1,1,4,88,102.3,4,72.537,1982,4.872,4
CU,4/10/19,77.2,543606,field_out,hit_into_play,9,R,NYM,MIN,X,3,popup,1,2,1,null,80,69,75.583,2249,5.435,3
FF,4/9/19,92.7,608328,home_run,hit_into_play_score,9,R,NYM,MIN,X,null,fly_ball,2,2,9,397,106.6,35.1,90.953,2337,5.527,6
FT,4/9/19,93.3,606167,home_run,hit_into_play_score,6,L,NYM,MIN,X,null,fly_ball,2,1,7,358,104.3,37.3,91.585,2577,5.753,6
FT,4/9/19,92.6,502043,field_out,hit_into_play,7,R,NYM,MIN,X,5,ground_ball,2,2,5,39,105.3,0.2,93.581,2103,6.963,4
SL,4/9/19,85.4,502043,strikeout,swinging_strike_blocked,14,R,NYM,MIN,S,2,null,1,2,3,null,null,null,84.932,2521,6.154,null
CH,4/9/19,86.5,502043,strikeout,swinging_strike,8,R,NYM,MIN,S,2,null,1,2,1,null,null,null,87.762,1602,6.976,null
SI,4/7/19,91.6,594840,home_run,hit_into_play_score,4,L,NYM,WSH,X,null,fly_ball,3,1,7,417,104,23.8,90.701,1705,5.779,6
CH,4/7/19,83.6,453286,double,hit_into_play_no_out,8,R,NYM,WSH,X,7,line_drive,0,1,6,146,111.7,7.4,83.187,1446,6.098,5
FF,4/7/19,94.9,453286,strikeout,swinging_strike,12,R,NYM,WSH,S,2,null,1,2,3,null,null,null,94.007,2438,5.954,null
CH,4/7/19,84.6,453286,grounded_into_double_play,hit_into_play,9,R,NYM,WSH,X,6,ground_ball,2,2,1,null,82.9,-20.7,83.858,1742,5.967,2
SL,4/6/19,85.9,502522,home_run,hit_into_play_score,9,R,NYM,WSH,X,null,fly_ball,2,1,8,427,108.7,22.1,84.869,2617,5.683,6
SL,4/6/19,83.3,571578,strikeout,swinging_strike_blocked,13,L,NYM,WSH,S,2,null,2,2,5,null,null,null,82.734,2455,6.089,null
SL,4/6/19,81.9,571578,double,hit_into_play_no_out,13,L,NYM,WSH,X,7,line_drive,2,2,3,258,112.2,11.6,80.982,2511,5.974,6
SL,4/6/19,80.8,571578,strikeout,swinging_strike,13,L,NYM,WSH,S,2,null,3,2,1,null,null,null,80.167,2404,5.734,null
FF,4/4/19,93.9,502522,strikeout,swinging_strike,4,R,NYM,WSH,S,2,null,2,2,8,null,null,null,93.827,2517,6.503,null
CU,4/4/19,80.6,544931,strikeout,swinging_strike,14,R,NYM,WSH,S,2,null,2,2,6,null,null,null,79.975,2429,6.251,null
FT,4/4/19,92.9,544931,field_out,hit_into_play,8,R,NYM,WSH,X,1,ground_ball,1,1,4,5,98.3,-15.1,93.862,2023,6.776,2
FF,4/3/19,94.7,623433,single,hit_into_play_no_out,1,R,MIA,NYM,X,5,line_drive,1,2,7,180,108.8,8.4,93.361,2177,5.73,4
FF,4/3/19,90.9,670950,strikeout,swinging_strike,11,R,MIA,NYM,S,2,null,1,2,5,null,null,null,90.676,2169,6.422,null
FC,4/3/19,85.6,670950,double,hit_into_play_score,8,R,MIA,NYM,X,7,line_drive,0,0,3,381,107.2,19.6,85.728,2101,6.392,6
FF,4/3/19,90.8,670950,field_out,hit_into_play,6,R,MIA,NYM,X,8,fly_ball,1,1,1,354,96.8,36.8,90.454,2289,6.183,3
FF,4/2/19,89.4,612672,strikeout,called_strike,7,L,MIA,NYM,S,2,null,0,2,7,null,null,null,88.806,1997,5.837,null
FF,4/1/19,95.3,608716,home_run,hit_into_play_score,8,R,MIA,NYM,X,null,fly_ball,0,0,9,444,112.8,21,94.362,2490,6.166,6
FF,4/1/19,93.5,641755,field_out,hit_into_play,12,R,MIA,NYM,X,3,popup,1,0,7,null,80,69,91.061,2142,4.972,3
CH,4/1/19,83.6,592761,strikeout,swinging_strike,14,L,MIA,NYM,S,2,null,2,2,5,null,null,null,81.398,2119,5.033,null
SL,4/1/19,83.6,592761,field_out,hit_into_play,6,L,MIA,NYM,X,8,fly_ball,2,2,3,349,95.1,33.6,81.327,2387,4.673,3
CH,4/1/19,84.3,592761,strikeout,swinging_strike,14,L,MIA,NYM,S,2,null,2,2,1,null,null,null,82.039,1952,4.954,null
FF,3/31/19,94.3,448281,field_out,hit_into_play,7,L,WSH,NYM,X,4,ground_ball,3,2,9,11,66,-6.6,94.593,2375,6.358,2
SL,3/31/19,84.8,502522,field_out,hit_into_play,14,R,WSH,NYM,X,9,line_drive,2,2,7,325,104.5,14.6,85.078,2707,6.106,5
CH,3/31/19,81.8,571578,double,hit_into_play_score,6,L,WSH,NYM,X,7,line_drive,0,1,3,371,110.9,16.6,81.661,3147,6.191,6
FF,3/31/19,92.9,571578,single,hit_into_play_no_out,5,L,WSH,NYM,X,9,fly_ball,0,0,1,226,73.9,32.6,92.928,2241,6.399,3
FF,3/30/19,93.2,607457,double,hit_into_play_score,8,R,WSH,NYM,X,9,line_drive,3,1,8,378,113.8,15,93.74,2316,6.292,6
CH,3/30/19,86.4,544931,strikeout,swinging_strike_blocked,14,R,WSH,NYM,S,2,null,1,2,4,null,null,null,87.384,1613,6.754,null
CU,3/30/19,79.4,544931,double,hit_into_play_score,14,R,WSH,NYM,X,8,line_drive,3,1,2,388,106.8,16.9,79.412,2616,6.279,6
FT,3/30/19,93.6,544931,single,hit_into_play_no_out,5,R,WSH,NYM,X,9,line_drive,1,1,1,238,76.1,23.7,95.056,2061,6.991,4
FF,3/28/19,93.5,502522,single,hit_into_play_no_out,4,R,WSH,NYM,X,8,line_drive,1,2,8,240,77.1,20.7,93.682,2347,6.357,4
FF,3/28/19,95.6,453286,strikeout,called_strike,9,R,WSH,NYM,S,2,null,0,2,6,null,null,null,94.573,2637,5.927,null
CH,3/28/19,85.1,453286,field_out,hit_into_play,4,R,WSH,NYM,X,5,ground_ball,2,2,3,9,75.1,-15.3,84.743,1711,6.064,2
FC,3/28/19,87.7,453286,strikeout,foul_tip,14,R,WSH,NYM,S,2,null,3,2,1,null,null,null,87.073,2328,6.151,null